6040703,Maumelle Charter High School,ACADEMICS PLUS SCHOOL DISTRICT,6-12,N/A,379,3,5,N/A
6040702,Maumelle Charter Elementary,ACADEMICS PLUS SCHOOL DISTRICT,K-5,N/A,565,3,17,N/A
6040704,Scott Charter School,ACADEMICS PLUS SCHOOL DISTRICT,K-6,N/A,152,3,19,N/A
1701001,Alma Intermediate School,ALMA SCHOOL DISTRICT,3-5,N/A,723,4,24,N/A
1701003,Alma Middle School,ALMA SCHOOL DISTRICT,6-8,N/A,748,4,18,N/A
1701002,Alma High School,ALMA SCHOOL DISTRICT,9-12,N/A,1010,4,12,N/A
1701004,Alma Primary School,ALMA SCHOOL DISTRICT,K-2,N/A,668,4,21,N/A
0501002,Alpena High School,ALPENA SCHOOL DISTRICT,7-12,N/A,229,2,9,N/A
0501001,Alpena Elementary School,ALPENA SCHOOL DISTRICT,K-6,N/A,283,2,17,N/A
6091002,Ark. School for the Blind H.S.,ARK. SCHOOL FOR THE BLIND,7-12,N/A,37,2,3,N/A
6091001,Ark. School for the Blind Elem,ARK. SCHOOL FOR THE BLIND,K-6,N/A,40,2,5,N/A
6092002,Ark. School for the Deaf H.S.,ARK. SCHOOL FOR THE DEAF,9-12,N/A,56,2,5,N/A
6092001,Ark. School for the Deaf Elem.,ARK. SCHOOL FOR THE DEAF,K-8,N/A,71,2,5,N/A
1002006,Central Primary School,ARKADELPHIA SCHOOL DISTRICT,2-3,N/A,306,5,19,N/A
1002008,Peake Elementary School,ARKADELPHIA SCHOOL DISTRICT,4-5,N/A,283,5,18,N/A
1002009,Goza Middle School,ARKADELPHIA SCHOOL DISTRICT,6-8,N/A,425,5,14,N/A
1002010,Arkadelphia High School,ARKADELPHIA SCHOOL DISTRICT,9-12,N/A,515,5,12,N/A
1002007,Louisa Perritt Primary,ARKADELPHIA SCHOOL DISTRICT,K-1,N/A,280,5,16,N/A
0440703,Arkansas Arts Academy High School,ARKANSAS ARTS ACADEMY,9-12,N/A,215,2,5,N/A
0440701,Arkansas Arts Academy Elementary/Middle School,ARKANSAS ARTS ACADEMY,K-8,N/A,562,2,12,N/A
0444703,Arkansas Connections Academy High,ARKANSAS CONNECTIONS ACADEMY,7-9,N/A,268,2,23,N/A
0444701,Arkansas Connections Academy Elementary,ARKANSAS CONNECTIONS ACADEMY,K-6,N/A,214,2,17,N/A
6043702,Ark Virtual Academy Middle Sch,ARKANSAS VIRTUAL ACADEMY,5-9,N/A,462,3,42,N/A
6043703,Arkansas Virtual Academy High School,ARKANSAS VIRTUAL ACADEMY,8-12,N/A,435,3,10,N/A
6043701,Ark Virtual Academy Elementary,ARKANSAS VIRTUAL ACADEMY,K-7,N/A,680,3,38,N/A
4701002,Armorel High School,ARMOREL SCHOOL DISTRICT,7-12,N/A,208,2,8,N/A
4701001,Armorel Elementary School,ARMOREL SCHOOL DISTRICT,K-6,N/A,229,2,16,N/A
4101001,L.F. Henderson Intermediate. School,ASHDOWN SCHOOL DISTRICT,3-5,N/A,328,4,21,N/A
4101003,Ashdown Junior High School,ASHDOWN SCHOOL DISTRICT,6-8,N/A,338,4,16,N/A
4101004,Ashdown High School,ASHDOWN SCHOOL DISTRICT,8-12,N/A,400,4,10,N/A
4101005,Ashdown Elementary School,ASHDOWN SCHOOL DISTRICT,K-2,N/A,319,4,16,N/A
5801003,Atkins Middle School,ATKINS SCHOOL DISTRICT,5-8,N/A,305,3,13,N/A
5801002,Atkins High School,ATKINS SCHOOL DISTRICT,9-12,N/A,282,3,10,N/A
5801001,Atkins Elementary School,ATKINS SCHOOL DISTRICT,K-4,N/A,415,3,14,N/A
7401003,Augusta High School,AUGUSTA SCHOOL DISTRICT,7-12,N/A,154,2,7,N/A
7401001,Augusta Elementary School,AUGUSTA SCHOOL DISTRICT,K-6,N/A,204,2,13,N/A
7301004,Bald Knob Middle School,BALD KNOB SCHOOL DISTRICT,6-8,N/A,278,3,17,N/A
7301003,Bald Knob High School,BALD KNOB SCHOOL DISTRICT,9-12,N/A,398,3,11,N/A
7301001,H.L. Lubker Elementary School,BALD KNOB SCHOOL DISTRICT,K-5,N/A,517,3,16,N/A
5401003,Barton High School,BARTON-LEXA SCHOOL DISTRICT,6-12,N/A,373,2,12,N/A
5401002,Barton Elementary School,BARTON-LEXA SCHOOL DISTRICT,K-6,N/A,418,2,13,N/A
3201005,Batesville High School,BATESVILLE SCHOOL DISTRICT,10-12,N/A,611,6,9,N/A
3201004,Batesville Junior High School,BATESVILLE SCHOOL DISTRICT,7-9,N/A,683,6,17,N/A
3201042,Sulphur Rock Elementary,BATESVILLE SCHOOL DISTRICT,K-6,N/A,341,6,14,N/A
3201001,Central Elementary School,BATESVILLE SCHOOL DISTRICT,K-6,N/A,354,6,22,N/A
3201009,Eagle Mountain Elem School,BATESVILLE SCHOOL DISTRICT,K-6,N/A,469,6,19,N/A
3201003,West Elementary School,BATESVILLE SCHOOL DISTRICT,K-6,N/A,519,6,19,N/A
6301703,Miner Academy,BAUXITE SCHOOL DISTRICT,6-12,N/A,60,4,3,N/A
6301003,Bauxite Middle School,BAUXITE SCHOOL DISTRICT,6-8,N/A,386,4,24,N/A
6301002,Bauxite High School,BAUXITE SCHOOL DISTRICT,9-12,N/A,454,4,23,N/A
6301001,Pine Haven Elementary School,BAUXITE SCHOOL DISTRICT,K-5,N/A,721,4,18,N/A
1601002,Bay High School,BAY SCHOOL DISTRICT,7-12,N/A,265,2,13,N/A
1601001,Bay Elementary School,BAY SCHOOL DISTRICT,K-6,N/A,319,2,17,N/A
5201002,Bearden High School,BEARDEN SCHOOL DISTRICT,7-12,N/A,222,2,9,N/A
5201001,Bearden Elementary School,BEARDEN SCHOOL DISTRICT,K-6,N/A,259,2,14,N/A
7302008,Beebe Elementary School,BEEBE SCHOOL DISTRICT,2-4,N/A,796,6,22,N/A
7302011,Beebe Middle School,BEEBE SCHOOL DISTRICT,5-6,N/A,490,6,20,N/A
7302703,Badger Academy,BEEBE SCHOOL DISTRICT,7-12,N/A,45,6,3,N/A
7302009,Beebe Junior High School,BEEBE SCHOOL DISTRICT,7-8,N/A,532,6,18,N/A
7302010,Beebe High School,BEEBE SCHOOL DISTRICT,9-12,N/A,883,6,15,N/A
7302014,Beebe Early Childhood,BEEBE SCHOOL DISTRICT,K-1,N/A,484,6,21,N/A
6302012,Benton High School,BENTON SCHOOL DISTRICT,10-12,N/A,1069,7,17,N/A
6302011,Benton Middle School,BENTON SCHOOL DISTRICT,6-7,N/A,839,7,22,N/A
6302010,Benton Junior High School,BENTON SCHOOL DISTRICT,8-9,N/A,773,7,18,N/A
6302009,Ringgold Elementary School,BENTON SCHOOL DISTRICT,K-5,N/A,565,7,19,N/A
6302006,Caldwell Elementary School,BENTON SCHOOL DISTRICT,K-5,N/A,582,7,20,N/A
6302007,Angie Grant Elementary School,BENTON SCHOOL DISTRICT,K-5,N/A,596,7,19,N/A
6302008,Perrin Elementary School,BENTON SCHOOL DISTRICT,K-5,N/A,658,7,21,N/A
0401017,Bright Field Middle School,BENTONVILLE SCHOOL DISTRICT,4-6,N/A,650,19,21,N/A
0401005,Old High Middle School,BENTONVILLE SCHOOL DISTRICT,5-6,N/A,617,19,19,N/A
0401013,Ruth Barker Middle School,BENTONVILLE SCHOOL DISTRICT,5-6,N/A,635,19,19,N/A
0401008,Ardis Ann Middle School,BENTONVILLE SCHOOL DISTRICT,5-6,N/A,692,19,21,N/A
0401002,Washington Junior High School,BENTONVILLE SCHOOL DISTRICT,7-8,N/A,721,19,15,N/A
0401010,Lincoln Junior High School,BENTONVILLE SCHOOL DISTRICT,7-8,N/A,873,19,21,N/A
0401018,J. William Fulbright Junior High School,BENTONVILLE SCHOOL DISTRICT,7-8,N/A,887,19,18,N/A
0401003,Bentonville High School,BENTONVILLE SCHOOL DISTRICT,8-12,N/A,3395,19,16,N/A
0401019,Bentonville West High School,BENTONVILLE SCHOOL DISTRICT,9-12,N/A,1243,19,14,N/A
0401006,Sugar Creek Elementary School,BENTONVILLE SCHOOL DISTRICT,K-4,N/A,499,19,18,N/A
0401001,Thomas Jefferson Elem. School,BENTONVILLE SCHOOL DISTRICT,K-4,N/A,537,19,22,N/A
0401004,R.E. Baker Elementary School,BENTONVILLE SCHOOL DISTRICT,K-4,N/A,568,19,21,N/A
0401011,Mary Mae Jones Elem. School,BENTONVILLE SCHOOL DISTRICT,K-4,N/A,616,19,22,N/A
0401007,Apple Glen Elementary School,BENTONVILLE SCHOOL DISTRICT,K-4,N/A,625,19,21,N/A
0401009,Elm Tree Elementary School,BENTONVILLE SCHOOL DISTRICT,K-4,N/A,650,19,23,N/A
0401015,Cooper Elementary School,BENTONVILLE SCHOOL DISTRICT,K-4,N/A,658,19,23,N/A
0401014,Centerton Gamble Elementary,BENTONVILLE SCHOOL DISTRICT,K-4,N/A,797,19,23,N/A
0401012,Central Park At Morning Star,BENTONVILLE SCHOOL DISTRICT,K-4,N/A,866,19,24,N/A
0401016,Willowbrook Elementary School,BENTONVILLE SCHOOL DISTRICT,K-4,N/A,920,19,24,N/A
0502008,Bergman Middle School,BERGMAN SCHOOL DISTRICT,5-8,N/A,325,3,14,N/A
0502007,Bergman High School,BERGMAN SCHOOL DISTRICT,9-12,N/A,340,3,12,N/A
0502006,Bergman Elementary School,BERGMAN SCHOOL DISTRICT,K-4,N/A,407,3,18,N/A
0801004,Berryville Intermediate Sch,BERRYVILLE SCHOOL DISTRICT,3-5,N/A,458,4,16,N/A
0801003,Berryville Middle School,BERRYVILLE SCHOOL DISTRICT,6-8,N/A,453,4,17,N/A
0801002,Berryville High School,BERRYVILLE SCHOOL DISTRICT,9-12,N/A,568,4,10,N/A
0801001,Berryville Elementary School,BERRYVILLE SCHOOL DISTRICT,K-2,N/A,451,4,17,N/A
3001002,Bismarck Middle School,BISMARCK SCHOOL DISTRICT,5-8,N/A,301,3,16,N/A
3001003,Bismarck High School,BISMARCK SCHOOL DISTRICT,9-12,N/A,304,3,9,N/A
3001001,Bismarck Elementary School,BISMARCK SCHOOL DISTRICT,K-4,N/A,368,3,18,N/A
2901002,Blevins High School,BLEVINS SCHOOL DISTRICT,7-12,N/A,220,2,12,N/A
2901001,Blevins Elementary School,BLEVINS SCHOOL DISTRICT,K-6,N/A,261,2,13,N/A
4702006,Blytheville Elementary School,BLYTHEVILLE SCHOOL DISTRICT,3-5,N/A,477,4,15,N/A
4702012,Blytheville Middle School,BLYTHEVILLE SCHOOL DISTRICT,6-8,N/A,401,4,11,N/A
4702706,Blytheville High School-A New Tech School,BLYTHEVILLE SCHOOL DISTRICT,9-12,N/A,602,4,9,N/A
4702008,Blytheville Primary School,BLYTHEVILLE SCHOOL DISTRICT,K-2,N/A,560,4,16,N/A
4201002,Booneville High School,BOONEVILLE SCHOOL DISTRICT,10-12,N/A,289,3,7,N/A
4201003,Booneville Jr High School,BOONEVILLE SCHOOL DISTRICT,7-9,N/A,271,3,14,N/A
4201001,Booneville Elementary School,BOONEVILLE SCHOOL DISTRICT,K-6,N/A,631,3,17,N/A
7303015,Bradford High School,BRADFORD SCHOOL DISTRICT,7-12,N/A,190,2,9,N/A
7303014,Bradford Elementary School,BRADFORD SCHOOL DISTRICT,K-6,N/A,239,2,12,N/A
4801003,Brinkley High School,BRINKLEY SCHOOL DISTRICT,7-12,N/A,202,2,8,N/A
4801001,C.B. Partee Elementary School,BRINKLEY SCHOOL DISTRICT,K-6,N/A,309,2,18,N/A
1603007,Brookland High School,BROOKLAND SCHOOL DISTRICT,10-12,N/A,434,4,11,N/A
1603009,Brookland Middle School,BROOKLAND SCHOOL DISTRICT,3-6,N/A,759,4,23,N/A
1603010,Brookland Junior High School,BROOKLAND SCHOOL DISTRICT,7-9,N/A,518,4,16,N/A
1603006,Brookland Elementary School,BROOKLAND SCHOOL DISTRICT,K-2,N/A,601,4,19,N/A
6303022,Bryant High School,BRYANT SCHOOL DISTRICT,1-12,N/A,2646,10,15,N/A
6303026,Bryant Middle School,BRYANT SCHOOL DISTRICT,4-9,N/A,1163,10,18,N/A
6303028,Bethel Middle School,BRYANT SCHOOL DISTRICT,6-8,N/A,918,10,19,N/A
6303020,Bryant Elementary School,BRYANT SCHOOL DISTRICT,K-11,N/A,784,10,18,N/A
6303024,Robert L. Davis Elem. School,BRYANT SCHOOL DISTRICT,K-5,N/A,570,10,18,N/A
6303027,Collegeville Elementary School,BRYANT SCHOOL DISTRICT,K-5,N/A,571,10,18,N/A
6303018,Hill Farm Elementary School,BRYANT SCHOOL DISTRICT,K-5,N/A,583,10,19,N/A
6303029,Hurricane Creek Elementary,BRYANT SCHOOL DISTRICT,K-5,N/A,592,10,19,N/A
6303023,Salem Elementary School,BRYANT SCHOOL DISTRICT,K-5,N/A,593,10,17,N/A
6303025,Springhill Elementary School,BRYANT SCHOOL DISTRICT,K-5,N/A,625,10,19,N/A
1605063,Buffalo Is. Central Hs,BUFFALO IS. CENTRAL SCH. DIST.,10-12,N/A,165,4,7,N/A
1605062,Buffalo Is. Central Jhs,BUFFALO IS. CENTRAL SCH. DIST.,7-9,N/A,177,4,12,N/A
1605060,Buffalo Is. Central West Elem.,BUFFALO IS. CENTRAL SCH. DIST.,K-4,N/A,245,4,19,N/A
1605061,Buffalo Is. Central East Elem.,BUFFALO IS. CENTRAL SCH. DIST.,K-6,N/A,175,4,15,N/A
4304005,Cabot High School,CABOT SCHOOL DISTRICT,10-12,N/A,2064,16,18,N/A
4304012,Cabot Middle School North,CABOT SCHOOL DISTRICT,5-6,N/A,851,16,22,N/A
4304010,Cabot Middle School South,CABOT SCHOOL DISTRICT,5-7,N/A,728,16,22,N/A
4304703,Academic Center for Excellence,CABOT SCHOOL DISTRICT,7-12,N/A,228,16,4,N/A
4304004,Cabot Junior High South,CABOT SCHOOL DISTRICT,7-8,N/A,771,16,17,N/A
4304011,Cabot Junior High North,CABOT SCHOOL DISTRICT,7-8,N/A,878,16,21,N/A
4304017,Cabot Freshman Academy,CABOT SCHOOL DISTRICT,9-9,N/A,803,16,20,N/A
4304002,Central Elementary School,CABOT SCHOOL DISTRICT,K-4,N/A,350,16,19,N/A
4304008,Northside Elementary School,CABOT SCHOOL DISTRICT,K-4,N/A,355,16,20,N/A
4304006,Westside Elementary School,CABOT SCHOOL DISTRICT,K-4,N/A,378,16,20,N/A
4304013,Magness Creek Elementary,CABOT SCHOOL DISTRICT,K-4,N/A,394,16,20,N/A
4304014,Stagecoach Elementary School,CABOT SCHOOL DISTRICT,K-4,N/A,502,16,19,N/A
4304009,Ward Central Elementary,CABOT SCHOOL DISTRICT,K-4,N/A,542,16,20,N/A
4304001,Eastside Elementary School,CABOT SCHOOL DISTRICT,K-5,N/A,456,16,20,N/A
4304007,Southside Elementary School,CABOT SCHOOL DISTRICT,K-5,N/A,475,16,22,N/A
4304015,Mountain Springs Elem School,CABOT SCHOOL DISTRICT,K-6,N/A,451,16,21,N/A
4901003,Caddo Hills High School,CADDO HILLS SCHOOL DISTRICT,7-12,N/A,240,2,11,N/A
4901001,Caddo Hills Elementary School,CADDO HILLS SCHOOL DISTRICT,K-6,N/A,326,2,14,N/A
3301002,Calico Rock High School,CALICO ROCK SCHOOL DISTRICT,7-12,N/A,194,2,9,N/A
3301001,Calico Rock Elementary School,CALICO ROCK SCHOOL DISTRICT,K-6,N/A,230,2,14,N/A
5204025,Ivory Primary School,CAMDEN FAIRVIEW SCHOOL DISTRICT,2-3,N/A,415,5,19,N/A
5204026,Camden Fairview Intermediate,CAMDEN FAIRVIEW SCHOOL DISTRICT,4-5,N/A,445,5,20,N/A
5204028,Camden Fairview Middle School,CAMDEN FAIRVIEW SCHOOL DISTRICT,6-8,N/A,522,5,10,N/A
5204023,Camden Fairview High School,CAMDEN FAIRVIEW SCHOOL DISTRICT,9-12,N/A,690,5,11,N/A
5204021,Fairview Elementary School,CAMDEN FAIRVIEW SCHOOL DISTRICT,K-1,N/A,397,5,18,N/A
6056701,Capitol City Lighthouse Lower Academy,CAPITOL CITY LIGHTHOUSE ACADEMY,K-6,N/A,236,1,13,N/A
4303013,Carlisle High School,CARLISLE SCHOOL DISTRICT,7-12,N/A,306,2,9,N/A
4303012,Carlisle Elementary School,CARLISLE SCHOOL DISTRICT,K-6,N/A,339,2,14,N/A
6802007,Cave City Middle School,CAVE CITY SCHOOL DISTRICT,6-8,N/A,307,3,18,N/A
6802703,Cave City High Career & Collegiate Preparatory School,CAVE CITY SCHOOL DISTRICT,9-12,N/A,397,3,12,N/A
6802001,Cave City Elementary School,CAVE CITY SCHOOL DISTRICT,K-5,N/A,526,3,18,N/A
3212027,Cedar Ridge High School,CEDAR RIDGE SCHOOL DISTRICT,6-12,N/A,412,3,13,N/A
3212010,Cord-Charlotte Elem. School,CEDAR RIDGE SCHOOL DISTRICT,K-6,N/A,101,3,13,N/A
3212026,Newark Elementary School,CEDAR RIDGE SCHOOL DISTRICT,K-6,N/A,252,3,18,N/A
1702010,Cedarville Middle School,CEDARVILLE SCHOOL DISTRICT,5-8,N/A,242,3,14,N/A
1702009,Cedarville High School,CEDARVILLE SCHOOL DISTRICT,9-12,N/A,282,3,8,N/A
1702008,Cedarville Elementary School,CEDARVILLE SCHOOL DISTRICT,K-4,N/A,279,3,16,N/A
5502008,Centerpoint Intermediate Sch,CENTERPOINT SCHOOL DISTRICT,4-5,N/A,133,3,18,N/A
5502010,Centerpoint High School,CENTERPOINT SCHOOL DISTRICT,6-12,N/A,513,3,11,N/A
5502006,Centerpoint Primary School,CENTERPOINT SCHOOL DISTRICT,K-3,N/A,270,3,15,N/A
2402007,Charleston High School,CHARLESTON SCHOOL DISTRICT,7-12,N/A,416,2,12,N/A
2402006,Charleston Elementary School,CHARLESTON SCHOOL DISTRICT,K-6,N/A,489,2,18,N/A
4802010,Clarendon High School,CLARENDON SCHOOL DISTRICT,7-12,N/A,201,2,9,N/A
4802008,Clarendon Elementary School,CLARENDON SCHOOL DISTRICT,K-6,N/A,279,2,15,N/A
3601005,Clarksville High School,CLARKSVILLE SCHOOL DISTRICT,10-12,N/A,543,5,12,N/A
3601001,Pyron Elementary School,CLARKSVILLE SCHOOL DISTRICT,2-4,N/A,617,5,18,N/A
3601002,Kraus Middle School,CLARKSVILLE SCHOOL DISTRICT,5-6,N/A,384,5,18,N/A
3601004,Clarksville Junior High School,CLARKSVILLE SCHOOL DISTRICT,7-9,N/A,633,5,15,N/A
3601003,Clarksville Primary School,CLARKSVILLE SCHOOL DISTRICT,K-1,N/A,402,5,18,N/A
1305010,Rison High School,CLEVELAND COUNTY SCHOOL DISTRICT,6-12,N/A,450,3,11,N/A
1305001,Kingsland Elementary School,CLEVELAND COUNTY SCHOOL DISTRICT,K-5,N/A,103,3,15,N/A
1305009,Rison Elementary School,CLEVELAND COUNTY SCHOOL DISTRICT,K-5,N/A,283,3,17,N/A
7102008,Clinton Jr High School,CLINTON SCHOOL DISTRICT,6-9,N/A,323,3,15,N/A
7102006,Clinton High School,CLINTON SCHOOL DISTRICT,9-12,N/A,394,3,9,N/A
7102005,Clinton Elementary School,CLINTON SCHOOL DISTRICT,K-5,N/A,608,3,16,N/A
1201002,Concord High School,CONCORD SCHOOL DISTRICT,7-12,N/A,212,2,9,N/A
1201001,Concord Elementary School,CONCORD SCHOOL DISTRICT,K-6,N/A,232,2,15,N/A
2301006,Conway High School,CONWAY SCHOOL DISTRICT,10-12,N/A,2000,16,17,N/A
2301013,Bob Courtway Middle School,CONWAY SCHOOL DISTRICT,5-7,N/A,456,16,15,N/A
2301017,Ray/Phyllis Simon Middle Schoo,CONWAY SCHOOL DISTRICT,5-7,N/A,466,16,15,N/A
2301016,Ruth Doyle Middle School,CONWAY SCHOOL DISTRICT,5-7,N/A,583,16,17,N/A
2301004,Carl Stuart Middle School,CONWAY SCHOOL DISTRICT,5-7,N/A,757,16,19,N/A
2301020,Conway Junior High School,CONWAY SCHOOL DISTRICT,8-9,N/A,1481,16,19,N/A
2301001,Ida Burns Elementary School,CONWAY SCHOOL DISTRICT,K-4,N/A,404,16,22,N/A
2301008,Julia Lee Moore Elem. School,CONWAY SCHOOL DISTRICT,K-4,N/A,407,16,19,N/A
2301011,Jim Stone Elementary School,CONWAY SCHOOL DISTRICT,K-4,N/A,414,16,21,N/A
2301010,Marguerite Vann Elem. School,CONWAY SCHOOL DISTRICT,K-4,N/A,419,16,24,N/A
2301003,Ellen Smith Elementary School,CONWAY SCHOOL DISTRICT,K-4,N/A,439,16,22,N/A
2301012,Theodore Jones Elem. School,CONWAY SCHOOL DISTRICT,K-4,N/A,442,16,21,N/A
2301009,Florence Mattison Elem. School,CONWAY SCHOOL DISTRICT,K-4,N/A,501,16,22,N/A
2301018,Woodrow Cummins Elementary Sch,CONWAY SCHOOL DISTRICT,K-4,N/A,531,16,23,N/A
2301019,Carolyn Lewis Elementary Schoo,CONWAY SCHOOL DISTRICT,K-4,N/A,535,16,22,N/A
1101005,Central Elementary School,CORNING SCHOOL DISTRICT,3-6,N/A,282,3,18,N/A
1101004,Corning High School,CORNING SCHOOL DISTRICT,7-12,N/A,399,3,13,N/A
1101006,Park Elementary School,CORNING SCHOOL DISTRICT,K-2,N/A,208,3,18,N/A
5707023,Cossatot River High School,COSSATOT RIVER SCHOOL DISTRICT,7-12,N/A,398,4,11,N/A
5707024,Umpire K-12 School,COSSATOT RIVER SCHOOL DISTRICT,K-12,N/A,138,4,7,N/A
5707019,Van Cove Elementary School,COSSATOT RIVER SCHOOL DISTRICT,K-6,N/A,173,4,14,N/A
5707021,Wickes Elementary School,COSSATOT RIVER SCHOOL DISTRICT,K-6,N/A,321,4,15,N/A
0302007,Cotter High School,COTTER SCHOOL DISTRICT,7-12,N/A,276,2,10,N/A
0302006,Amanda Gist Elementary School,COTTER SCHOOL DISTRICT,K-6,N/A,400,2,15,N/A
2403012,County Line High School,COUNTY LINE SCHOOL DISTRICT,7-12,N/A,196,2,9,N/A
2403011,County Line Elementary School,COUNTY LINE SCHOOL DISTRICT,K-6,N/A,240,2,16,N/A
6044702,Covenant Keepers Charter,COVENANT KEEPERS CHARTER SCHOOL,6-8,N/A,151,1,20,N/A
1901703,Cross Cnty High A New Tech Sch,CROSS COUNTY SCHOOL DISTRICT,7-12,N/A,269,2,12,N/A
1901701,Cross County Ele Tech Academy,CROSS COUNTY SCHOOL DISTRICT,K-6,N/A,308,2,20,N/A
0201008,Crossett Middle School,CROSSETT SCHOOL DISTRICT,5-8,N/A,511,3,15,N/A
0201006,Crossett High School,CROSSETT SCHOOL DISTRICT,9-12,N/A,493,3,11,N/A
0201001,Crossett Elementary School,CROSSETT SCHOOL DISTRICT,K-4,N/A,710,3,21,N/A
2601002,Cutter-Morning Star High Sch.,CUTTER-MORNING STAR SCHOOL DISTRICT,7-12,N/A,284,2,11,N/A
2601001,Cutter-Morning Star Elem. Sch.,CUTTER-MORNING STAR SCHOOL DISTRICT,K-6,N/A,312,2,20,N/A
7503007,Danville Middle School,DANVILLE SCHOOL DISTRICT,5-8,N/A,261,3,16,N/A
7503006,Danville High School,DANVILLE SCHOOL DISTRICT,8-12,N/A,264,3,9,N/A
7503005,S.C. Tucker Elementary School,DANVILLE SCHOOL DISTRICT,K-4,N/A,302,3,13,N/A
7504009,Dardanelle Intermediate School,DARDANELLE SCHOOL DISTRICT,4-5,N/A,350,4,21,N/A
7504010,Dardanelle Middle School,DARDANELLE SCHOOL DISTRICT,6-8,N/A,455,4,16,N/A
7504011,Dardanelle High School,DARDANELLE SCHOOL DISTRICT,9-12,N/A,555,4,13,N/A
7504013,Dardanelle Primary School,DARDANELLE SCHOOL DISTRICT,K-3,N/A,724,4,20,N/A
0402011,Decatur Middle School,DECATUR SCHOOL DISTRICT,5-8,N/A,155,3,16,N/A
0402009,Decatur High School,DECATUR SCHOOL DISTRICT,9-12,N/A,142,3,8,N/A
0402008,Decatur Northside Elementary,DECATUR SCHOOL DISTRICT,K-5,N/A,248,3,16,N/A
5106004,Mt. Judea K-12 School,DEER/MT. JUDEA SCHOOL DISTRICT,K-12,N/A,121,2,8,N/A
5106003,Deer K-12 School,DEER/MT. JUDEA SCHOOL DISTRICT,K-12,N/A,195,2,10,N/A
6701003,Dequeen High School,DEQUEEN SCHOOL DISTRICT,10-12,N/A,474,5,12,N/A
6701001,Dequeen Elementary School,DEQUEEN SCHOOL DISTRICT,3-5,N/A,570,5,17,N/A
6701004,Dequeen Middle School,DEQUEEN SCHOOL DISTRICT,6-7,N/A,332,5,15,N/A
6701005,Dequeen Junior High School,DEQUEEN SCHOOL DISTRICT,8-9,N/A,370,5,14,N/A
6701002,Dequeen Primary,DEQUEEN SCHOOL DISTRICT,K-2,N/A,620,5,18,N/A
0901003,Dermott High School,DERMOTT SCHOOL DISTRICT,7-12,N/A,144,2,6,N/A
0901001,Dermott Elementary School,DERMOTT SCHOOL DISTRICT,K-6,N/A,216,2,16,N/A
5901002,Des Arc High School,DES ARC SCHOOL DISTRICT,7-12,N/A,259,2,13,N/A
5901001,Des Arc Elementary School,DES ARC SCHOOL DISTRICT,K-6,N/A,264,2,18,N/A
0101003,Dewitt Middle School,DEWITT SCHOOL DISTRICT,6-8,N/A,285,4,14,N/A
0101004,Dewitt High School,DEWITT SCHOOL DISTRICT,9-12,N/A,390,4,13,N/A
0101001,Dewitt Elementary School,DEWITT SCHOOL DISTRICT,K-5,N/A,515,4,18,N/A
0101008,Gillett Elementary School,DEWITT SCHOOL DISTRICT,K-5,N/A,79,4,12,N/A
3102002,Dierks High School,DIERKS SCHOOL DISTRICT,7-12,N/A,250,2,11,N/A
3102001,Joann Walters Elementary Sch,DIERKS SCHOOL DISTRICT,K-6,N/A,330,2,18,N/A
6094001,Arkansas Consolidated High School-Alexander,DIVISION OF YOUTH SERVICES SCHOOL SYSTEM,5-12,N/A,100,6,5,N/A
6094004,Arkansas Consolidated High School-Lewisville,DIVISION OF YOUTH SERVICES SCHOOL SYSTEM,7-12,N/A,20,6,7,N/A
6094007,Arkansas Consolidated High School-Colt,DIVISION OF YOUTH SERVICES SCHOOL SYSTEM,7-12,N/A,25,6,5,N/A
6094005,Arkansas Consolidated High School-Mansfield,DIVISION OF YOUTH SERVICES SCHOOL SYSTEM,7-12,N/A,29,6,3,N/A
6094002,Arkansas Consolidated High School-Dermott,DIVISION OF YOUTH SERVICES SCHOOL SYSTEM,7-12,N/A,59,6,2,N/A
6094006,Arkansas Consolidated High School-Harrisburg,DIVISION OF YOUTH SERVICES SCHOOL SYSTEM,8-12,N/A,33,6,6,N/A
3502009,Robert F Morehead Middle Schoo,DOLLARWAY SCHOOL DISTRICT,5-9,N/A,313,3,14,N/A
3502010,Dollarway High School,DOLLARWAY SCHOOL DISTRICT,9-12,N/A,319,3,9,N/A
3502006,Matthews Elementary School,DOLLARWAY SCHOOL DISTRICT,K-4,N/A,443,3,21,N/A
5802008,Dover Middle School,DOVER SCHOOL DISTRICT,5-8,N/A,424,3,16,N/A
5802006,Dover High School,DOVER SCHOOL DISTRICT,9-12,N/A,429,3,11,N/A
5802009,Dover Elementary School,DOVER SCHOOL DISTRICT,K-4,N/A,500,3,20,N/A
2202007,Drew Central Middle School,DREW CENTRAL SCHOOL DISTRICT,5-8,N/A,310,3,17,N/A
2202005,Drew Central High School,DREW CENTRAL SCHOOL DISTRICT,9-12,N/A,284,3,8,N/A
2202004,Drew Central Elem. School,DREW CENTRAL SCHOOL DISTRICT,K-4,N/A,384,3,20,N/A
2104021,Dumas High School,DUMAS SCHOOL DISTRICT,10-12,N/A,315,4,14,N/A
2104024,Reed Elementary School,DUMAS SCHOOL DISTRICT,3-6,N/A,381,4,17,N/A
2104020,Dumas Junior High School,DUMAS SCHOOL DISTRICT,7-9,N/A,289,4,14,N/A
2104017,Central Elementary School,DUMAS SCHOOL DISTRICT,K-2,N/A,292,4,16,N/A
1802007,Earle High School,EARLE SCHOOL DISTRICT,7-12,N/A,293,2,11,N/A
1802005,Earle Elementary School,EARLE SCHOOL DISTRICT,K-6,N/A,283,2,17,N/A
5301002,Bigelow High School,EAST END SCHOOL DISTRICT,7-12,N/A,286,2,12,N/A
5301001,Anne Watson Elementary School,EAST END SCHOOL DISTRICT,K-6,N/A,375,2,16,N/A
5608037,East Poinsett Co. High School,EAST POINSETT CO. SCHOOL DIST.,7-12,N/A,334,3,14,N/A
5608034,Lepanto Elementary,EAST POINSETT CO. SCHOOL DIST.,K-4,N/A,155,3,16,N/A
5608035,Tyronza Elementary,EAST POINSETT CO. SCHOOL DIST.,K-6,N/A,201,3,20,N/A
7001011,Washington Middle School,EL DORADO SCHOOL DISTRICT,5-6,N/A,654,7,19,N/A
7001010,Barton Jr. High School,EL DORADO SCHOOL DISTRICT,7-8,N/A,660,7,18,N/A
7001012,El Dorado High School,EL DORADO SCHOOL DISTRICT,9-12,N/A,1289,7,17,N/A
7001005,Retta Brown Elementary School,EL DORADO SCHOOL DISTRICT,K-4,N/A,210,7,20,N/A
7001001,Hugh Goodwin Elementary School,EL DORADO SCHOOL DISTRICT,K-4,N/A,475,7,23,N/A
7001004,Northwest Elementary School,EL DORADO SCHOOL DISTRICT,K-4,N/A,483,7,23,N/A
7001009,Yocum Elementary School,EL DORADO SCHOOL DISTRICT,K-4,N/A,600,7,19,N/A
7201001,Elkins Elementary School,ELKINS SCHOOL DISTRICT,3-5,N/A,252,4,17,N/A
7201003,Elkins Middle School,ELKINS SCHOOL DISTRICT,6-8,N/A,282,4,18,N/A
7201002,Elkins High School,ELKINS SCHOOL DISTRICT,9-12,N/A,393,4,13,N/A
7201004,Elkins Elem. Primary School,ELKINS SCHOOL DISTRICT,K-2,N/A,238,4,18,N/A
1408002,Emerson High School,EMERSON-TAYLOR-BRADLEY SCHOOL DISTRICT,7-12,N/A,124,6,10,N/A
1408019,Taylor High School,EMERSON-TAYLOR-BRADLEY SCHOOL DISTRICT,7-12,N/A,156,6,10,N/A
1408007,Bradley High School,EMERSON-TAYLOR-BRADLEY SCHOOL DISTRICT,7-12,N/A,160,6,8,N/A
1408006,Bradley Elementary School,EMERSON-TAYLOR-BRADLEY SCHOOL DISTRICT,K-6,N/A,153,6,12,N/A
1408001,Emerson Elementary School,EMERSON-TAYLOR-BRADLEY SCHOOL DISTRICT,K-6,N/A,172,6,16,N/A
1408018,Taylor Elementary School,EMERSON-TAYLOR-BRADLEY SCHOOL DISTRICT,K-6,N/A,241,6,16,N/A
4302018,England High School,ENGLAND SCHOOL DISTRICT,7-12,N/A,309,2,8,N/A
4302017,England Elementary School,ENGLAND SCHOOL DISTRICT,K-6,N/A,390,2,12,N/A
6047702,Estem Middle School,ESTEM PUBLIC CHARTER SCHOOL,5-8,N/A,473,3,19,N/A
6047703,Estem High Charter,ESTEM PUBLIC CHARTER SCHOOL,9-12,N/A,475,3,12,N/A
6047701,Estem Elementary School,ESTEM PUBLIC CHARTER SCHOOL,K-4,N/A,502,3,15,N/A
0802008,Eureka Springs Middle School,EUREKA SPRINGS SCHOOL DISTRICT,5-8,N/A,185,3,12,N/A
0802007,Eureka Springs High School,EUREKA SPRINGS SCHOOL DISTRICT,9-12,N/A,189,3,7,N/A
0802006,Eureka Springs Elem. School,EUREKA SPRINGS SCHOOL DISTRICT,K-4,N/A,234,3,14,N/A
6055702,Exalt Academy of Southwest Little Rock,EXALT ACADEMY OF SOUTHWEST LITTLE ROCK,K-4,N/A,251,1,21,N/A
7202703,Farmington Career Academies,FARMINGTON SCHOOL DISTRICT,10-12,N/A,532,6,12,N/A
7202005,George R Ledbetter Intermediat,FARMINGTON SCHOOL DISTRICT,4-5,N/A,386,6,20,N/A
7202007,Randall G. Lynch Middle School,FARMINGTON SCHOOL DISTRICT,6-8,N/A,576,6,19,N/A
7202010,Farmington Freshman Academy,FARMINGTON SCHOOL DISTRICT,9-9,N/A,199,6,19,N/A
7202009,Bob Folsom Elementary School,FARMINGTON SCHOOL DISTRICT,K-3,N/A,350,6,17,N/A
7202008,"Jerry ""pop"" Williams Elem Sch",FARMINGTON SCHOOL DISTRICT,K-3,N/A,388,6,21,N/A
7203703,Fayetteville Virtual Academy A District Conversion Charter School,FAYETTEVILLE SCHOOL DISTRICT,4-8,N/A,53,15,7,N/A
7203025,Holt Middle School,FAYETTEVILLE SCHOOL DISTRICT,5-6,N/A,439,15,20,N/A
7203024,McNair Middle School,FAYETTEVILLE SCHOOL DISTRICT,5-6,N/A,757,15,26,N/A
7203018,Ramay Junior High School,FAYETTEVILLE SCHOOL DISTRICT,7-8,N/A,623,15,14,N/A
7203019,Woodland Junior High School,FAYETTEVILLE SCHOOL DISTRICT,7-8,N/A,760,15,20,N/A
7203020,Fayetteville High School,FAYETTEVILLE SCHOOL DISTRICT,8-12,N/A,2766,15,18,N/A
7203015,Leverett Elementary School,FAYETTEVILLE SCHOOL DISTRICT,K-4,N/A,291,15,22,N/A
7203010,Asbell Elementary School,FAYETTEVILLE SCHOOL DISTRICT,K-4,N/A,293,15,20,N/A
7203017,Washington Elementary School,FAYETTEVILLE SCHOOL DISTRICT,K-4,N/A,325,15,21,N/A
7203016,Root Elementary School,FAYETTEVILLE SCHOOL DISTRICT,K-4,N/A,414,15,22,N/A
7203013,Happy Hollow Elementary School,FAYETTEVILLE SCHOOL DISTRICT,K-4,N/A,475,15,22,N/A
7203012,Butterfield Elementary School,FAYETTEVILLE SCHOOL DISTRICT,K-4,N/A,515,15,23,N/A
7203023,Vandergriff Elementary School,FAYETTEVILLE SCHOOL DISTRICT,K-4,N/A,624,15,22,N/A
7203022,Holcomb Elementary School,FAYETTEVILLE SCHOOL DISTRICT,K-4,N/A,628,15,23,N/A
7203027,Owl Creek School,FAYETTEVILLE SCHOOL DISTRICT,K-6,N/A,721,15,21,N/A
4501003,Flippin Middle School,FLIPPIN SCHOOL DISTRICT,6-8,N/A,213,3,14,N/A
4501002,Flippin High School,FLIPPIN SCHOOL DISTRICT,9-12,N/A,198,3,9,N/A
4501001,Flippin Elementary School,FLIPPIN SCHOOL DISTRICT,K-5,N/A,391,3,16,N/A
2002007,Fordyce High School,FORDYCE SCHOOL DISTRICT,7-12,N/A,313,2,8,N/A
2002008,Fordyce Elementary Schools,FORDYCE SCHOOL DISTRICT,K-6,N/A,471,2,15,N/A
4102010,Foreman High School,FOREMAN SCHOOL DISTRICT,7-12,N/A,234,2,12,N/A
4102008,Oscar Hamilton Elementary Sch,FOREMAN SCHOOL DISTRICT,K-6,N/A,263,2,15,N/A
6201014,Stewart Elementary School,FORREST CITY SCHOOL DISTRICT,3-5,N/A,540,5,24,N/A
6201016,Lincoln Academy,FORREST CITY SCHOOL DISTRICT,6-7,N/A,130,5,17,N/A
6201010,Forrest City Jr. High,FORREST CITY SCHOOL DISTRICT,6-8,N/A,341,5,13,N/A
6201011,Forrest City High School,FORREST CITY SCHOOL DISTRICT,9-12,N/A,692,5,14,N/A
6201003,Central Elementary School,FORREST CITY SCHOOL DISTRICT,K-2,N/A,599,5,20,N/A
6601025,Southside High School,FORT SMITH SCHOOL DISTRICT,10-12,N/A,1532,26,15,N/A
6601024,Northside High School,FORT SMITH SCHOOL DISTRICT,10-12,N/A,1609,26,16,N/A
6601005,Belle Point Alternative Center,FORT SMITH SCHOOL DISTRICT,7-12,N/A,74,26,6,N/A
6601021,William O. Darby Jr. High Sch.,FORT SMITH SCHOOL DISTRICT,7-9,N/A,669,26,14,N/A
6601020,L. A. Chaffin Jr. High School,FORT SMITH SCHOOL DISTRICT,7-9,N/A,773,26,14,N/A
6601022,Dora Kimmons Jr. High School,FORT SMITH SCHOOL DISTRICT,7-9,N/A,802,26,15,N/A
6601023,Ramsey Junior High School,FORT SMITH SCHOOL DISTRICT,7-9,N/A,890,26,16,N/A
6601007,Carnall Elementary School,FORT SMITH SCHOOL DISTRICT,K-6,N/A,270,26,16,N/A
6601008,Cavanaugh Elementary School,FORT SMITH SCHOOL DISTRICT,K-6,N/A,289,26,20,N/A
6601030,Harry C. Morrison Elementary School,FORT SMITH SCHOOL DISTRICT,K-6,N/A,293,26,21,N/A
6601001,Ballman Elementary School,FORT SMITH SCHOOL DISTRICT,K-6,N/A,300,26,23,N/A
6601003,Beard Elementary School,FORT SMITH SCHOOL DISTRICT,K-6,N/A,324,26,18,N/A
6601011,Howard Elementary School,FORT SMITH SCHOOL DISTRICT,K-6,N/A,333,26,23,N/A
6601019,Trusty Elementary School,FORT SMITH SCHOOL DISTRICT,K-6,N/A,333,26,24,N/A
6601006,Bonneville Elementary School,FORT SMITH SCHOOL DISTRICT,K-6,N/A,339,26,25,N/A
6601012,Raymond F. Orr Elem. School,FORT SMITH SCHOOL DISTRICT,K-6,N/A,377,26,22,N/A
6601032,Tilles Elementary School,FORT SMITH SCHOOL DISTRICT,K-6,N/A,379,26,20,N/A
6601002,Barling Elementary School,FORT SMITH SCHOOL DISTRICT,K-6,N/A,390,26,23,N/A
6601016,Spradling Elementary School,FORT SMITH SCHOOL DISTRICT,K-6,N/A,444,26,22,N/A
6601014,Albert Pike Elementary School,FORT SMITH SCHOOL DISTRICT,K-6,N/A,461,26,22,N/A
6601033,Euper Lane Elementary School,FORT SMITH SCHOOL DISTRICT,K-6,N/A,469,26,19,N/A
6601018,Sutton Elementary School,FORT SMITH SCHOOL DISTRICT,K-6,N/A,493,26,19,N/A
6601029,John P. Woods Elementary School,FORT SMITH SCHOOL DISTRICT,K-6,N/A,539,26,25,N/A
6601031,Elmer H. Cook Elementary School,FORT SMITH SCHOOL DISTRICT,K-6,N/A,549,26,24,N/A
6601017,Sunnymede Elementary School,FORT SMITH SCHOOL DISTRICT,K-6,N/A,626,26,24,N/A
6601010,Fairview Elementary School,FORT SMITH SCHOOL DISTRICT,K-7,N/A,569,26,24,N/A
4603011,Paulette Smith Middle School,FOUKE SCHOOL DISTRICT,6-8,N/A,213,3,15,N/A
4603010,Fouke High School,FOUKE SCHOOL DISTRICT,9-12,N/A,330,3,11,N/A
4603009,Fouke Elementary School,FOUKE SCHOOL DISTRICT,K-5,N/A,515,3,20,N/A
2602702,Fountain Lake Middle School Cobra Digital Prep Academy,FOUNTAIN LAKE SCHOOL DISTRICT,5-8,N/A,434,3,15,N/A
2602703,Fountain Lake Charter High School,FOUNTAIN LAKE SCHOOL DISTRICT,9-12,N/A,435,3,11,N/A
2602005,Fountain Lake Elementary,FOUNTAIN LAKE SCHOOL DISTRICT,K-4,N/A,506,3,16,N/A
6640703,Furture School of Fort Smith,FUTURE SCHOOL OF FORT SMITH,10-10,N/A,74,1,7,N/A
4602007,Gary E. Cobb Middle School,GENOA CENTRAL SCHOOL DISTRICT,5-8,N/A,365,3,16,N/A
4602006,Genoa Central High School,GENOA CENTRAL SCHOOL DISTRICT,9-12,N/A,371,3,12,N/A
4602005,Genoa Central Elem. School,GENOA CENTRAL SCHOOL DISTRICT,K-4,N/A,396,3,18,N/A
0403013,Gentry Intermediate School,GENTRY SCHOOL DISTRICT,3-5,N/A,356,4,18,N/A
0403015,Gentry Middle School,GENTRY SCHOOL DISTRICT,6-8,N/A,301,4,13,N/A
0403703,Gentry High School Conversion Charter,GENTRY SCHOOL DISTRICT,9-12,N/A,459,4,9,N/A
0403016,Gentry Primary School,GENTRY SCHOOL DISTRICT,K-2,N/A,315,4,18,N/A
3002010,Glen Rose Middle School,GLEN ROSE SCHOOL DISTRICT,5-8,N/A,317,3,17,N/A
3002009,Glen Rose High School,GLEN ROSE SCHOOL DISTRICT,9-12,N/A,318,3,14,N/A
3002007,Glen Rose Elementary School,GLEN ROSE SCHOOL DISTRICT,K-4,N/A,385,3,17,N/A
4708031,Gosnell High School,GOSNELL SCHOOL DISTRICT,7-12,N/A,587,2,10,N/A
4708028,Gosnell Elementary School,GOSNELL SCHOOL DISTRICT,K-6,N/A,740,2,21,N/A
0404025,Gravette Upper Elementary,GRAVETTE SCHOOL DISTRICT,2-5,N/A,425,4,18,N/A
0404024,Gravette Middle School,GRAVETTE SCHOOL DISTRICT,6-8,N/A,448,4,19,N/A
0404022,Gravette High School,GRAVETTE SCHOOL DISTRICT,9-12,N/A,574,4,15,N/A
0404023,Glenn Duffy Elementary School,GRAVETTE SCHOOL DISTRICT,K-2,N/A,424,4,19,N/A
0803013,Green Forest Intermed School,GREEN FOREST SCHOOL DISTRICT,4-8,N/A,498,3,14,N/A
0803012,Green Forest High School,GREEN FOREST SCHOOL DISTRICT,9-12,N/A,367,3,9,N/A
0803011,Green Forest Elementary School,GREEN FOREST SCHOOL DISTRICT,K-3,N/A,404,3,16,N/A
2303017,Greenbrier High School,GREENBRIER SCHOOL DISTRICT,10-12,N/A,765,7,12,N/A
2303018,Greenbrier Middle School,GREENBRIER SCHOOL DISTRICT,6-7,N/A,532,7,18,N/A
2303020,Greenbrier Junior High School,GREENBRIER SCHOOL DISTRICT,8-9,N/A,549,7,16,N/A
2303021,Greenbrier Wooster Elementary,GREENBRIER SCHOOL DISTRICT,K-5,N/A,391,7,17,N/A
2303023,Greenbrier Springhill Elementary School,GREENBRIER SCHOOL DISTRICT,K-5,N/A,399,7,17,N/A
2303019,Greenbrier Westside Elementary,GREENBRIER SCHOOL DISTRICT,K-5,N/A,413,7,20,N/A
2303016,Greenbrier Eastside Elementary,GREENBRIER SCHOOL DISTRICT,K-5,N/A,416,7,17,N/A
2807011,Greene Cty Tech Intermediate,GREENE COUNTY TECH SCHOOL DISTRICT,4-5,N/A,551,6,19,N/A
2807007,Greene Co. Tech Middle School,GREENE COUNTY TECH SCHOOL DISTRICT,6-7,N/A,598,6,19,N/A
2807008,Greene Co. Tech High School,GREENE COUNTY TECH SCHOOL DISTRICT,8-12,N/A,755,6,15,N/A
2807009,Green Co. Tech Jr. High School,GREENE COUNTY TECH SCHOOL DISTRICT,8-9,N/A,569,6,17,N/A
2807010,Greene Co. Tech Primary School,GREENE COUNTY TECH SCHOOL DISTRICT,K-3,N/A,533,6,19,N/A
2807004,Greene Cty Tech Elem. School,GREENE COUNTY TECH SCHOOL DISTRICT,K-7,N/A,574,6,20,N/A
7204029,Greenland Middle School,GREENLAND SCHOOL DISTRICT,5-8,N/A,236,3,13,N/A
7204028,Greenland High School,GREENLAND SCHOOL DISTRICT,9-12,N/A,264,3,9,N/A
7204027,Greenland Elementary School,GREENLAND SCHOOL DISTRICT,K-4,N/A,295,3,17,N/A
6602043,Greenwood High School,GREENWOOD SCHOOL DISTRICT,10-12,N/A,876,6,10,N/A
6602045,East Hills Middle School,GREENWOOD SCHOOL DISTRICT,5-7,N/A,556,6,19,N/A
6602047,Greenwood Freshman Center,GREENWOOD SCHOOL DISTRICT,9-9,N/A,296,6,18,N/A
6602046,East Pointe Elementary School,GREENWOOD SCHOOL DISTRICT,K-5,N/A,640,6,19,N/A
6602044,Westwood Elementary School,GREENWOOD SCHOOL DISTRICT,K-5,N/A,749,6,20,N/A
6602042,Greenwood Junior High School,GREENWOOD SCHOOL DISTRICT,K-9,N/A,576,6,17,N/A
1003017,Cabe Middle School,GURDON SCHOOL DISTRICT,5-8,N/A,208,3,16,N/A
1003018,Gurdon High School,GURDON SCHOOL DISTRICT,9-12,N/A,189,3,10,N/A
1003016,Gurdon Primary School,GURDON SCHOOL DISTRICT,K-4,N/A,294,3,16,N/A
2304022,Guy-Perkins High School,GUY-PERKINS SCHOOL DISTRICT,7-12,N/A,165,2,5,N/A
2304021,Guy-Perkins Elementary School,GUY-PERKINS SCHOOL DISTRICT,K-6,N/A,214,2,15,N/A
7240703,Haas Hall Academy,HAAS HALL ACADEMY,7-12,N/A,345,1,15,N/A
0443703,Haas Hall Academy Bentonville,HAAS HALL BENTONVILLE,7-12,N/A,283,1,17,N/A
6603052,Hartford High School,HACKETT SCHOOL DISTRICT,7-12,N/A,124,4,7,N/A
6603048,Hackett High School,HACKETT SCHOOL DISTRICT,7-12,N/A,291,4,9,N/A
6603047,Hackett Elementary School,HACKETT SCHOOL DISTRICT,K-6,N/A,283,4,18,N/A
6603051,Hartford Elementary School,HACKETT SCHOOL DISTRICT,K-6,N/A,99,4,11,N/A
0203017,Hamburg Middle School,HAMBURG SCHOOL DISTRICT,6-8,N/A,399,4,16,N/A
0203018,Hamburg High School,HAMBURG SCHOOL DISTRICT,9-12,N/A,561,4,16,N/A
0203027,Portland Elementary School,HAMBURG SCHOOL DISTRICT,K-5,N/A,133,4,20,N/A
0203020,Noble/Allbritton Elementary Sc,HAMBURG SCHOOL DISTRICT,K-5,N/A,722,4,18,N/A
0701002,Hampton High School,HAMPTON SCHOOL DISTRICT,7-12,N/A,267,2,8,N/A
0701001,Hampton Elementary School,HAMPTON SCHOOL DISTRICT,K-6,N/A,307,2,17,N/A
6304030,Harmony Grove High School,HARMONY GROVE SCH DIST(SALINE),10-12,N/A,305,4,11,N/A
6304031,Harmony Grove Middle School,HARMONY GROVE SCH DIST(SALINE),4-6,N/A,267,4,20,N/A
6304032,Harmony Grove Junior High School,HARMONY GROVE SCH DIST(SALINE),7-9,N/A,287,4,16,N/A
6304029,Westbrook Elementary School,HARMONY GROVE SCH DIST(SALINE),K-3,N/A,382,4,20,N/A
5205029,Harmony Grove High School,HARMONY GROVE SCHOOL DISTRICT (OUACHITA),7-12,N/A,394,4,9,N/A
5205012,Sparkman High School,HARMONY GROVE SCHOOL DISTRICT (OUACHITA),7-12,N/A,63,4,5,N/A
5205028,Harmony Grove Elem. School,HARMONY GROVE SCHOOL DISTRICT (OUACHITA),K-6,N/A,410,4,18,N/A
5205011,Sparkman Elementary School,HARMONY GROVE SCHOOL DISTRICT (OUACHITA),K-6,N/A,82,4,12,N/A
5602008,Harrisburg Middle School,HARRISBURG SCHOOL DISTRICT,5-8,N/A,307,4,16,N/A
5602007,Harrisburg High School,HARRISBURG SCHOOL DISTRICT,9-12,N/A,367,4,11,N/A
5602005,Harrisburg Elementary School,HARRISBURG SCHOOL DISTRICT,K-4,N/A,399,4,17,N/A
5602031,Weiner Elementary,HARRISBURG SCHOOL DISTRICT,K-6,N/A,108,4,15,N/A
0503016,Harrison High School,HARRISON SCHOOL DISTRICT,10-12,N/A,582,7,10,N/A
0503018,Harrison Middle School,HARRISON SCHOOL DISTRICT,5-6,N/A,404,7,19,N/A
0503015,Harrison Jr. High School,HARRISON SCHOOL DISTRICT,7-9,N/A,596,7,16,N/A
0503014,Woodland Heights Elem. School,HARRISON SCHOOL DISTRICT,K-4,N/A,111,7,13,N/A
0503011,Eagle Heights Elem. School,HARRISON SCHOOL DISTRICT,K-4,N/A,159,7,19,N/A
0503013,Skyline Heights Elem. School,HARRISON SCHOOL DISTRICT,K-4,N/A,359,7,19,N/A
0503012,Forest Heights Elem. School,HARRISON SCHOOL DISTRICT,K-4,N/A,413,7,19,N/A
5903012,Hazen High School,HAZEN SCHOOL DISTRICT,9-12,N/A,204,2,7,N/A
5903011,Hazen Elementary School,HAZEN SCHOOL DISTRICT,K-8,N/A,417,2,15,N/A
1202007,Heber Springs Middle School,HEBER SPRINGS SCHOOL DISTRICT,6-8,N/A,398,3,16,N/A
1202006,Heber Springs High School,HEBER SPRINGS SCHOOL DISTRICT,9-12,N/A,512,3,15,N/A
1202005,Heber Springs Elem. School,HEBER SPRINGS SCHOOL DISTRICT,K-5,N/A,802,3,19,N/A
5803010,Hector High School,HECTOR SCHOOL DISTRICT,7-12,N/A,284,2,9,N/A
5803009,Hector Elementary School,HECTOR SCHOOL DISTRICT,K-6,N/A,324,2,18,N/A
5403021,Eliza Miller Elementary School,HELENA/ WEST HELENA SCHOOL DISTRICT,4-6,N/A,312,3,19,N/A
5403019,Central High School,HELENA/ WEST HELENA SCHOOL DISTRICT,7-12,N/A,643,3,12,N/A
5403020,J. F. Wahl Primary School,HELENA/ WEST HELENA SCHOOL DISTRICT,K-3,N/A,437,3,16,N/A
0601007,Hermitage High School,HERMITAGE SCHOOL DISTRICT,7-12,N/A,190,2,9,N/A
0601006,Hermitage Elementary School,HERMITAGE SCHOOL DISTRICT,K-6,N/A,235,2,18,N/A
6804011,Highland Middle School,HIGHLAND SCHOOL DISTRICT,5-8,N/A,515,3,20,N/A
6804010,Highland High School,HIGHLAND SCHOOL DISTRICT,9-12,N/A,486,3,10,N/A
6804009,Cherokee Elementary School,HIGHLAND SCHOOL DISTRICT,K-4,N/A,625,3,20,N/A
3809023,Hillcrest High School,HILLCREST SCHOOL DISTRICT,7-12,N/A,195,2,10,N/A
3809014,Hillcrest Elementary School,HILLCREST SCHOOL DISTRICT,K-6,N/A,219,2,14,N/A
2903008,Beryl Henry Upper Elem. School,HOPE SCHOOL DISTRICT,5-6,N/A,272,5,23,N/A
2903013,Garland Learning Center,HOPE SCHOOL DISTRICT,5-8,N/A,146,5,12,N/A
2903012,Hope High School,HOPE SCHOOL DISTRICT,7-12,N/A,612,5,13,N/A
2903011,Yerger Junior High School,HOPE SCHOOL DISTRICT,7-8,N/A,259,5,15,N/A
2903007,Wm. Jefferson Clinton Primary,HOPE SCHOOL DISTRICT,K-10,N/A,981,5,20,N/A
6703013,Horatio High School,HORATIO SCHOOL DISTRICT,7-12,N/A,388,2,11,N/A
6703012,Horatio Elementary School,HORATIO SCHOOL DISTRICT,K-6,N/A,454,2,17,N/A
2603024,Hot Springs Intermediate School,HOT SPRINGS SCHOOL DISTRICT,5-6,N/A,511,7,18,N/A
2603020,Hot Springs Middle School,HOT SPRINGS SCHOOL DISTRICT,6-8,N/A,503,7,18,N/A
2603703,Hot Springs World Class High School,HOT SPRINGS SCHOOL DISTRICT,9-12,N/A,880,7,15,N/A
2603016,Park Magnet School,HOT SPRINGS SCHOOL DISTRICT,K-4,N/A,265,7,22,N/A
2603023,Langston Magnet School,HOT SPRINGS SCHOOL DISTRICT,K-4,N/A,362,7,14,N/A
2603011,Gardner Stem Magnet School,HOT SPRINGS SCHOOL DISTRICT,K-4,N/A,422,7,17,N/A
2603015,Oaklawn Magnet School,HOT SPRINGS SCHOOL DISTRICT,K-4,N/A,600,7,16,N/A
3804010,Hoxie High School,HOXIE SCHOOL DISTRICT,7-12,N/A,391,2,10,N/A
3804009,Hoxie Elementary School,HOXIE SCHOOL DISTRICT,K-6,N/A,452,2,14,N/A
4401004,Huntsville Intermediate Sch,HUNTSVILLE SCHOOL DISTRICT,3-5,N/A,467,6,22,N/A
4401002,Huntsville Middle School,HUNTSVILLE SCHOOL DISTRICT,6-8,N/A,491,6,17,N/A
4401012,St. Paul High School,HUNTSVILLE SCHOOL DISTRICT,7-12,N/A,105,6,10,N/A
4401003,Huntsville High School,HUNTSVILLE SCHOOL DISTRICT,9-12,N/A,655,6,18,N/A
4401001,Watson Primary School,HUNTSVILLE SCHOOL DISTRICT,K-2,N/A,461,6,20,N/A
4401011,St. Paul Elementary School,HUNTSVILLE SCHOOL DISTRICT,K-6,N/A,126,6,16,N/A
3840701,Imboden Area Charter School,IMBODEN CHARTER SCHOOL DISTRICT,K-8,N/A,54,1,5,N/A
3306016,Izard County Cons Middle Sch,IZARD COUNTY CONSOLIDATED SCHOOL DISTRICT,5-8,N/A,149,3,11,N/A
3306015,Izard Co. Cons. High School,IZARD COUNTY CONSOLIDATED SCHOOL DISTRICT,9-12,N/A,141,3,7,N/A
3306014,Izard Co. Cons. Elem. School,IZARD COUNTY CONSOLIDATED SCHOOL DISTRICT,K-4,N/A,184,3,17,N/A
3405019,Swifton Middle School,JACKSON CO. SCHOOL DISTRICT,5-7,N/A,226,3,22,N/A
3405025,Tuckerman High School,JACKSON CO. SCHOOL DISTRICT,8-12,N/A,295,3,11,N/A
3405024,Tuckerman Elementary School,JACKSON CO. SCHOOL DISTRICT,K-4,N/A,343,3,17,N/A
6050705,Flightline Upper Academy,JACKSONVILLE LIGHTHOUSE CHARTER,5-9,N/A,168,3,17,N/A
6050703,Jacksonville Lighthouse College Prep Academy High,JACKSONVILLE LIGHTHOUSE CHARTER,7-12,N/A,404,3,5,N/A
6050701,Jacksonville Lighthouse Elementary,JACKSONVILLE LIGHTHOUSE CHARTER,K-6,N/A,362,3,18,N/A
6004008,Jacksonville Middle School,JACKSONVILLE NORTH PULASKI SCHOOL DISTRICT,5-8,N/A,760,8,17,N/A
6004009,Jacksonville High School,JACKSONVILLE NORTH PULASKI SCHOOL DISTRICT,9-12,N/A,897,8,14,N/A
6004002,Arnold Drive Elementary School,JACKSONVILLE NORTH PULASKI SCHOOL DISTRICT,K-5,N/A,221,8,20,N/A
6004006,Tolleson Elementary School,JACKSONVILLE NORTH PULASKI SCHOOL DISTRICT,K-5,N/A,229,8,16,N/A
6004007,Pinewood Elementary School,JACKSONVILLE NORTH PULASKI SCHOOL DISTRICT,K-5,N/A,387,8,20,N/A
6004004,Warren Dupree Elementary School,JACKSONVILLE NORTH PULASKI SCHOOL DISTRICT,K-5,N/A,398,8,22,N/A
6004003,Bayou Meto Elementary School,JACKSONVILLE NORTH PULASKI SCHOOL DISTRICT,K-5,N/A,411,8,21,N/A
6004005,Murrell Taylor Elementary School,JACKSONVILLE NORTH PULASKI SCHOOL DISTRICT,K-5,N/A,488,8,19,N/A
5102008,Kingston High School,JASPER SCHOOL DISTRICT,7-12,N/A,113,6,7,N/A
5102006,Jasper High School,JASPER SCHOOL DISTRICT,7-12,N/A,232,6,8,N/A
5102024,Oark High School,JASPER SCHOOL DISTRICT,7-12,N/A,83,6,6,N/A
5102007,Kingston Elementary School,JASPER SCHOOL DISTRICT,K-6,N/A,117,6,15,N/A
5102005,Jasper Elementary School,JASPER SCHOOL DISTRICT,K-6,N/A,228,6,15,N/A
5102023,Oark Elementary School,JASPER SCHOOL DISTRICT,K-6,N/A,82,6,10,N/A
2604031,Jessieville Middle School,JESSIEVILLE SCHOOL DISTRICT,6-8,N/A,214,3,15,N/A
2604030,Jessieville High School,JESSIEVILLE SCHOOL DISTRICT,9-12,N/A,260,3,8,N/A
2604029,Jessieville Elementary School,JESSIEVILLE SCHOOL DISTRICT,K-5,N/A,398,3,14,N/A
1608021,International Studies Magnet,JONESBORO SCHOOL DISTRICT,1-6,N/A,466,10,26,N/A
1608022,Microsociety Magnet School,JONESBORO SCHOOL DISTRICT,1-6,N/A,519,10,19,N/A
1608020,Health/Wellness Envi Magnet,JONESBORO SCHOOL DISTRICT,1-6,N/A,622,10,21,N/A
1608019,Visual & Performing Art Magnet,JONESBORO SCHOOL DISTRICT,1-6,N/A,704,10,23,N/A
1608017,Math & Science Magnet School,JONESBORO SCHOOL DISTRICT,1-7,N/A,639,10,19,N/A
1608703,The Academies At Jonesboro High School,JONESBORO SCHOOL DISTRICT,10-12,N/A,1143,10,14,N/A
1608023,Annie Camp Jr. High School,JONESBORO SCHOOL DISTRICT,7-9,N/A,655,10,15,N/A
1608024,Douglas MacArthur Jhs,JONESBORO SCHOOL DISTRICT,7-9,N/A,666,10,14,N/A
1608026,Kindergarten Center,JONESBORO SCHOOL DISTRICT,K-K,N/A,540,10,17,N/A
7003028,Junction City High School,JUNCTION CITY SCHOOL DISTRICT,7-12,N/A,335,2,9,N/A
7003027,Junction City Elem. School,JUNCTION CITY SCHOOL DISTRICT,K-6,N/A,335,2,19,N/A
5440705,Kipp: Blytheville College Prep,KIPP DELTA PUBLIC SCHOOLS,4-8,N/A,124,6,12,N/A
5440708,Forrest City College Preparatory School,KIPP DELTA PUBLIC SCHOOLS,5-6,N/A,114,6,14,N/A
5440702,Kipp:delta College Prep School,KIPP DELTA PUBLIC SCHOOLS,5-8,N/A,271,6,7,N/A
5440706,Kipp Blytheville Collegiate High School,KIPP DELTA PUBLIC SCHOOLS,7-11,N/A,224,6,5,N/A
5440703,Kipp:delta Collegiate High Sch,KIPP DELTA PUBLIC SCHOOLS,9-12,N/A,218,6,3,N/A
5440701,Kipp Delta Elem Literacy Acad,KIPP DELTA PUBLIC SCHOOLS,K-4,N/A,386,6,16,N/A
5503011,Kirby High School,KIRBY SCHOOL DISTRICT,7-12,N/A,162,2,6,N/A
5503010,Kirby Elementary School,KIRBY SCHOOL DISTRICT,K-6,N/A,190,2,16,N/A
3704013,Lafayette County High School,LAFAYETTE COUNTY SCHOOL DISTRICT,7-12,N/A,260,2,10,N/A
3704007,Lafayette County Elementary,LAFAYETTE COUNTY SCHOOL DISTRICT,K-11,N/A,308,2,14,N/A
2605034,Lake Hamilton High School,LAKE HAMILTON SCHOOL DISTRICT,10-12,N/A,978,6,14,N/A
2605033,Lake Hamilton Elementary Sch,LAKE HAMILTON SCHOOL DISTRICT,2-4,N/A,697,6,21,N/A
2605036,Lake Hamilton Interm. School,LAKE HAMILTON SCHOOL DISTRICT,4-5,N/A,671,6,22,N/A
2605037,Lake Hamilton Middle School,LAKE HAMILTON SCHOOL DISTRICT,6-7,N/A,694,6,21,N/A
2605035,Lake Hamilton Jr. High School,LAKE HAMILTON SCHOOL DISTRICT,8-9,N/A,674,6,17,N/A
2605038,Lake Hamilton Primary School,LAKE HAMILTON SCHOOL DISTRICT,K-1,N/A,646,6,19,N/A
0903017,Lakeside Middle School,LAKESIDE SCHOOL DIST(CHICOT),6-8,N/A,219,4,11,N/A
0903018,Lakeside High School,LAKESIDE SCHOOL DIST(CHICOT),9-12,N/A,263,4,11,N/A
0903007,Eudora Elementary School,LAKESIDE SCHOOL DIST(CHICOT),K-3,N/A,123,4,13,N/A
0903016,Lakeside Elementary School,LAKESIDE SCHOOL DIST(CHICOT),K-5,N/A,396,4,18,N/A
2606042,Lakeside Intermediate School,LAKESIDE SCHOOL DIST(GARLAND),2-4,N/A,816,4,22,N/A
2606043,Lakeside Middle School,LAKESIDE SCHOOL DIST(GARLAND),5-7,N/A,791,4,19,N/A
2606044,Lakeside High School,LAKESIDE SCHOOL DIST(GARLAND),8-12,N/A,1307,4,16,N/A
2606039,Lakeside Primary School,LAKESIDE SCHOOL DIST(GARLAND),K-1,N/A,517,4,19,N/A
3604020,Lamar Middle School,LAMAR SCHOOL DISTRICT,4-7,N/A,416,3,21,N/A
3604019,Lamar High School,LAMAR SCHOOL DISTRICT,8-12,N/A,459,3,10,N/A
3604018,Lamar Elementary School,LAMAR SCHOOL DISTRICT,K-3,N/A,439,3,19,N/A
6605058,Lavaca Middle School,LAVACA SCHOOL DISTRICT,5-8,N/A,267,3,19,N/A
6605057,Lavaca High School,LAVACA SCHOOL DISTRICT,9-12,N/A,225,3,8,N/A
6605056,Lavaca Elementary School,LAVACA SCHOOL DISTRICT,K-4,N/A,331,3,18,N/A
3810027,Walnut Ridge High School,LAWRENCE COUNTY SCHOOL DISTRICT,7-12,N/A,409,2,11,N/A
3810026,Walnut Ridge Elementary School,LAWRENCE COUNTY SCHOOL DISTRICT,K-6,N/A,510,2,16,N/A
0506032,Lead Hill High School,LEAD HILL SCHOOL DISTRICT,7-12,N/A,158,2,8,N/A
0506031,Lead Hill Elementary School,LEAD HILL SCHOOL DISTRICT,K-6,N/A,196,2,13,N/A
3904011,Lee High School,LEE COUNTY SCHOOL DISTRICT,7-12,N/A,337,2,10,N/A
3904010,Anna Strong Learning Academy,LEE COUNTY SCHOOL DISTRICT,K-6,N/A,415,2,16,N/A
7205033,Lincoln Middle School,LINCOLN SCHOOL DISTRICT,4-7,N/A,386,3,19,N/A
7205706,Lincoln New Tech High School,LINCOLN SCHOOL DISTRICT,8-12,N/A,480,3,9,N/A
7205031,Lincoln Elementary School,LINCOLN SCHOOL DISTRICT,K-3,N/A,313,3,19,N/A
6041705,Lisa Academy North Middle Charter School,LISA ACADEMY,5-8,N/A,222,6,22,N/A
6041702,Lisa Academy,LISA ACADEMY,6-8,N/A,345,6,23,N/A
6041706,Lisa Academy North High Charter School,LISA ACADEMY,9-12,N/A,122,6,7,N/A
6041703,Lisa Academy High,LISA ACADEMY,9-12,N/A,354,6,7,N/A
6041701,Lisa Academy North Elementary Charter School,LISA ACADEMY,K-6,N/A,399,6,18,N/A
6041707,Lisa Academy Chenal,LISA ACADEMY,K-6,N/A,516,6,21,N/A
6049702,Little Rock Prep Academy Middle,LITTLE ROCK PREPARATORY ACADEMY,4-8,N/A,144,2,13,N/A
6049701,Little Prep Academy Elementary,LITTLE ROCK PREPARATORY ACADEMY,K-5,N/A,253,2,17,N/A
6001013,Henderson Middle School,LITTLE ROCK SCHOOL DISTRICT,6-10,N/A,658,46,13,N/A
6001076,Pinnacle View Middle School,LITTLE ROCK SCHOOL DISTRICT,6-6,N/A,218,46,15,N/A
6001077,Cloverdale Middle School,LITTLE ROCK SCHOOL DISTRICT,6-8,N/A,579,46,12,N/A
6001007,Dunbar Magnet Middle School,LITTLE ROCK SCHOOL DISTRICT,6-8,N/A,622,46,14,N/A
6001062,Mabelvale Middle School,LITTLE ROCK SCHOOL DISTRICT,6-8,N/A,622,46,14,N/A
6001010,Pulaski Heights Middle School,LITTLE ROCK SCHOOL DISTRICT,6-8,N/A,748,46,16,N/A
6001003,Mann Magnet Middle School,LITTLE ROCK SCHOOL DISTRICT,6-8,N/A,827,46,15,N/A
6001002,Hall High School,LITTLE ROCK SCHOOL DISTRICT,8-12,N/A,1051,46,11,N/A
6001005,Parkview Magnet High School,LITTLE ROCK SCHOOL DISTRICT,9-12,N/A,1103,46,17,N/A
6001001,Central High School,LITTLE ROCK SCHOOL DISTRICT,9-12,N/A,2365,46,14,N/A
6001064,McClellan Magnet High School,LITTLE ROCK SCHOOL DISTRICT,9-12,N/A,771,46,10,N/A
6001063,J.A. Fair High School,LITTLE ROCK SCHOOL DISTRICT,9-12,N/A,856,46,10,N/A
6001029,Western Hills Elem. School,LITTLE ROCK SCHOOL DISTRICT,K-5,N/A,209,46,19,N/A
6001040,Romine Interdist. Elem. School,LITTLE ROCK SCHOOL DISTRICT,K-5,N/A,237,46,19,N/A
6001021,Carver Magnet Elem. School,LITTLE ROCK SCHOOL DISTRICT,K-5,N/A,247,46,18,N/A
6001025,Franklin Incentive Elem. Sch.,LITTLE ROCK SCHOOL DISTRICT,K-5,N/A,252,46,18,N/A
6001050,Rockefeller Incentive Elem.,LITTLE ROCK SCHOOL DISTRICT,K-5,N/A,262,46,17,N/A
6001055,David O'Dodd Elementary School,LITTLE ROCK SCHOOL DISTRICT,K-5,N/A,270,46,16,N/A
6001027,Gibbs Magnet Elementary School,LITTLE ROCK SCHOOL DISTRICT,K-5,N/A,279,46,19,N/A
6001052,Baseline Elementary School,LITTLE ROCK SCHOOL DISTRICT,K-5,N/A,303,46,18,N/A
6001038,Pulaski Heights Elem. School,LITTLE ROCK SCHOOL DISTRICT,K-5,N/A,304,46,21,N/A
6001041,Stephens Elementary,LITTLE ROCK SCHOOL DISTRICT,K-5,N/A,309,46,21,N/A
6001044,Wilson Elementary School,LITTLE ROCK SCHOOL DISTRICT,K-5,N/A,314,46,21,N/A
6001020,McDermott Elementary School,LITTLE ROCK SCHOOL DISTRICT,K-5,N/A,323,46,19,N/A
6001017,Bale Elementary School,LITTLE ROCK SCHOOL DISTRICT,K-5,N/A,332,46,21,N/A
6001030,Jefferson Elementary School,LITTLE ROCK SCHOOL DISTRICT,K-5,N/A,353,46,22,N/A
6001033,Meadowcliff Elementary School,LITTLE ROCK SCHOOL DISTRICT,K-5,N/A,363,46,21,N/A
6001042,Washington Magnet Elem. School,LITTLE ROCK SCHOOL DISTRICT,K-5,N/A,382,46,19,N/A
6001035,M.L. King Magnet Elem. School,LITTLE ROCK SCHOOL DISTRICT,K-5,N/A,395,46,21,N/A
6001047,Terry Elementary School,LITTLE ROCK SCHOOL DISTRICT,K-5,N/A,396,46,19,N/A
6001018,Brady Elementary School,LITTLE ROCK SCHOOL DISTRICT,K-5,N/A,398,46,19,N/A
6001024,Forest Park Elementary School,LITTLE ROCK SCHOOL DISTRICT,K-5,N/A,431,46,21,N/A
6001006,Booker Arts Magnet Elem. Sch.,LITTLE ROCK SCHOOL DISTRICT,K-5,N/A,440,46,19,N/A
6001043,Williams Magnet Elem. School,LITTLE ROCK SCHOOL DISTRICT,K-5,N/A,490,46,21,N/A
6001058,Otter Creek Elementary School,LITTLE ROCK SCHOOL DISTRICT,K-5,N/A,506,46,21,N/A
6001057,Mabelvale Elementary School,LITTLE ROCK SCHOOL DISTRICT,K-5,N/A,514,46,21,N/A
6001078,Watson Elementary School,LITTLE ROCK SCHOOL DISTRICT,K-5,N/A,520,46,22,N/A
6001059,Wakefield Elementary School,LITTLE ROCK SCHOOL DISTRICT,K-5,N/A,540,46,24,N/A
6001079,Chicot Elementary School,LITTLE ROCK SCHOOL DISTRICT,K-5,N/A,542,46,18,N/A
6001048,Fulbright Elementary School,LITTLE ROCK SCHOOL DISTRICT,K-5,N/A,552,46,22,N/A
6001073,Don Roberts Elementary School,LITTLE ROCK SCHOOL DISTRICT,K-5,N/A,896,46,21,N/A
6001075,Forest Heights Stem Academy,LITTLE ROCK SCHOOL DISTRICT,K-8,N/A,676,46,20,N/A
4301027,Lonoke Elementary School,LONOKE SCHOOL DISTRICT,3-5,N/A,401,4,19,N/A
4301028,Lonoke Middle School,LONOKE SCHOOL DISTRICT,6-8,N/A,417,4,15,N/A
4301029,Lonoke High School,LONOKE SCHOOL DISTRICT,9-12,N/A,541,4,14,N/A
4301030,Lonoke Primary School,LONOKE SCHOOL DISTRICT,K-2,N/A,383,4,19,N/A
4202008,J.D. Leftwich High School,MAGAZINE SCHOOL DISTRICT,7-12,N/A,255,2,9,N/A
4202007,Magazine Elementary School,MAGAZINE SCHOOL DISTRICT,K-6,N/A,279,2,16,N/A
3003014,Magnet Cove High School,MAGNET COVE SCHOOL DIST.,7-12,N/A,327,2,9,N/A
3003013,Magnet Cove Elementary School,MAGNET COVE SCHOOL DIST.,K-6,N/A,369,2,21,N/A
1402009,Magnolia High School,MAGNOLIA SCHOOL DISTRICT,10-12,N/A,595,5,10,N/A
1402006,Central Elementary School,MAGNOLIA SCHOOL DISTRICT,4-6,N/A,617,5,18,N/A
1402008,Magnolia Jr. High School,MAGNOLIA SCHOOL DISTRICT,7-9,N/A,617,5,15,N/A
1402007,East Side Elementary School,MAGNOLIA SCHOOL DISTRICT,K-3,N/A,919,5,20,N/A
3004025,Wilson Intermediate School,MALVERN SCHOOL DISTRICT,5-6,N/A,310,4,16,N/A
3004022,Malvern Middle School,MALVERN SCHOOL DISTRICT,7-8,N/A,302,4,13,N/A
3004023,Malvern High School,MALVERN SCHOOL DISTRICT,9-12,N/A,524,4,11,N/A
3004021,Malvern Elementary School,MALVERN SCHOOL DISTRICT,K-4,N/A,899,4,18,N/A
2501002,Mammoth Spring High School,MAMMOTH SPRING SCHOOL DISTRICT,7-12,N/A,212,2,10,N/A
2501001,Mammoth Spring Elem. School,MAMMOTH SPRING SCHOOL DISTRICT,K-6,N/A,230,2,14,N/A
4712045,Manila Middle School,MANILA SCHOOL DISTRICT,5-8,N/A,327,3,15,N/A
4712044,Manila High School,MANILA SCHOOL DISTRICT,9-12,N/A,321,3,10,N/A
4712043,Manila Elementary School,MANILA SCHOOL DISTRICT,K-4,N/A,420,3,16,N/A
6606061,Mansfield Middle School,MANSFIELD SCHOOL DISTRICT,5-8,N/A,252,3,14,N/A
6606062,Mansfield High School,MANSFIELD SCHOOL DISTRICT,9-12,N/A,251,3,9,N/A
6606060,Mansfield Elementary School,MANSFIELD SCHOOL DISTRICT,K-4,N/A,266,3,13,N/A
1804015,Marion High School,MARION SCHOOL DISTRICT,10-12,N/A,868,6,13,N/A
1804012,Marion Elementary School,MARION SCHOOL DISTRICT,2-3,N/A,605,6,19,N/A
1804017,Marion Intermediate School,MARION SCHOOL DISTRICT,4-5,N/A,577,6,20,N/A
1804016,Marion Middle School,MARION SCHOOL DISTRICT,6-7,N/A,631,6,19,N/A
1804014,Marion Junior High School,MARION SCHOOL DISTRICT,8-9,N/A,619,6,15,N/A
1804011,Avondale Elementary School,MARION SCHOOL DISTRICT,K-1,N/A,542,6,16,N/A
5604018,Marked Tree Middle School,MARKED TREE SCHOOL DISTRICT,6-8,N/A,126,3,14,N/A
5604017,Marked Tree High School,MARKED TREE SCHOOL DISTRICT,9-12,N/A,178,3,8,N/A
5604015,Marked Tree Elementary School,MARKED TREE SCHOOL DISTRICT,K-5,N/A,234,3,20,N/A
2803017,Marmaduke High School,MARMADUKE SCHOOL DISTRICT,7-12,N/A,340,2,11,N/A
2803016,Marmaduke Elementary School,MARMADUKE SCHOOL DISTRICT,K-6,N/A,396,2,17,N/A
5404032,Marvell-Elaine High School,MARVELL-ELAINE SCHOOL DISTRICT,7-12,N/A,164,2,8,N/A
5404030,Marvell-Elaine Elementary Sch,MARVELL-ELAINE SCHOOL DISTRICT,K-6,N/A,198,2,12,N/A
2305027,Mayflower Middle School,MAYFLOWER SCHOOL DISTRICT,5-8,N/A,313,3,18,N/A
2305026,Mayflower High School,MAYFLOWER SCHOOL DISTRICT,9-12,N/A,358,3,10,N/A
2305025,Mayflower Elementary School,MAYFLOWER SCHOOL DISTRICT,K-4,N/A,390,3,18,N/A
6102006,Maynard High School,MAYNARD SCHOOL DISTRICT,7-12,N/A,214,2,9,N/A
6102005,Maynard Elementary School,MAYNARD SCHOOL DISTRICT,K-6,N/A,244,2,13,N/A
7403013,McCrory High School,MCCRORY SCHOOL DISTRICT,7-12,N/A,286,2,10,N/A
7403012,McCrory Elementary School,MCCRORY SCHOOL DISTRICT,K-6,N/A,346,2,17,N/A
2105028,McGehee High School,MCGEHEE SCHOOL DISTRICT,7-12,N/A,494,2,10,N/A
2105026,McGehee Elementary School,MCGEHEE SCHOOL DISTRICT,K-6,N/A,676,2,17,N/A
3302006,Melbourne High School,MELBOURNE SCHOOL DISTRICT,7-12,N/A,402,2,12,N/A
3302005,Melbourne Elementary School,MELBOURNE SCHOOL DISTRICT,K-6,N/A,458,2,17,N/A
5703010,Holly Harshman Elem. School,MENA SCHOOL DISTRICT,3-5,N/A,400,4,17,N/A
5703011,Mena Middle School,MENA SCHOOL DISTRICT,6-8,N/A,407,4,16,N/A
5703012,Mena High School,MENA SCHOOL DISTRICT,9-12,N/A,465,4,10,N/A
5703009,Louise Durham Elem. School,MENA SCHOOL DISTRICT,K-2,N/A,399,4,16,N/A
3211035,Midland High School,MIDLAND SCHOOL DISTRICT,7-12,N/A,239,2,9,N/A
3211022,Midland Elementary School,MIDLAND SCHOOL DISTRICT,K-6,N/A,302,2,18,N/A
3104006,Mineral Springs High School,MINERAL SPRINGS SCHOOL DISTRICT,7-12,N/A,169,2,8,N/A
3104005,Mineral Springs Elem. School,MINERAL SPRINGS SCHOOL DISTRICT,K-6,N/A,252,2,14,N/A
2203012,Monticello High School,MONTICELLO SCHOOL DISTRICT,1-12,N/A,632,4,11,N/A
2203014,Monticello Intermediate School,MONTICELLO SCHOOL DISTRICT,3-6,N/A,489,4,21,N/A
2203011,Monticello Middle School,MONTICELLO SCHOOL DISTRICT,6-8,N/A,386,4,14,N/A
2203010,Monticello Elementary School,MONTICELLO SCHOOL DISTRICT,K-3,N/A,452,4,18,N/A
4902007,Mount Ida High School,MOUNT IDA SCHOOL DISTRICT,7-12,N/A,218,2,8,N/A
4902006,Bobby Barrett Elementary School,MOUNT IDA SCHOOL DISTRICT,K-6,N/A,253,2,14,N/A
0303013,Nelson Wilks Herron Elementary,MOUNTAIN HOME SCHOOL DISTRICT,1-2,N/A,560,6,20,N/A
0303024,Hackler Intermediate School,MOUNTAIN HOME SCHOOL DISTRICT,3-5,N/A,916,6,21,N/A
0303014,Pinkston Middle School,MOUNTAIN HOME SCHOOL DISTRICT,6-7,N/A,601,6,16,N/A
0303019,Mountain Home Jr. High School,MOUNTAIN HOME SCHOOL DISTRICT,8-8,N/A,299,6,14,N/A
0303703,Mountain Home Career Academies,MOUNTAIN HOME SCHOOL DISTRICT,9-12,N/A,1152,6,11,N/A
0303018,Mountain Home Kindergarten,MOUNTAIN HOME SCHOOL DISTRICT,K-K,N/A,251,6,16,N/A
2607047,Mountain Pine High School,MOUNTAIN PINE SCHOOL DISTRICT,K-12,N/A,206,2,10,N/A
2607046,Mountain Pine Elem. School,MOUNTAIN PINE SCHOOL DISTRICT,K-6,N/A,282,2,18,N/A
6901006,Mountain View Middle School,MOUNTAIN VIEW SCHOOL DISTRICT,5-8,N/A,392,7,17,N/A
6901012,Rural Special High School,MOUNTAIN VIEW SCHOOL DISTRICT,7-12,N/A,113,7,10,N/A
6901016,Timbo High School,MOUNTAIN VIEW SCHOOL DISTRICT,7-12,N/A,87,7,9,N/A
6901007,Mountain View High School,MOUNTAIN VIEW SCHOOL DISTRICT,9-12,N/A,339,7,13,N/A
6901005,Mountain View Elem. School,MOUNTAIN VIEW SCHOOL DISTRICT,K-4,N/A,488,7,18,N/A
6901015,Timbo Elementary School,MOUNTAIN VIEW SCHOOL DISTRICT,K-6,N/A,102,7,13,N/A
6901011,Rural Special Elem. School,MOUNTAIN VIEW SCHOOL DISTRICT,K-6,N/A,117,7,14,N/A
1703022,Mountainburg Middle School,MOUNTAINBURG SCHOOL DISTRICT,5-8,N/A,185,3,13,N/A
1703013,Mountainburg High School,MOUNTAINBURG SCHOOL DISTRICT,9-12,N/A,212,3,11,N/A
1703012,Mountainburg Elementary School,MOUNTAINBURG SCHOOL DISTRICT,K-4,N/A,234,3,12,N/A
2306030,Mt. Vernon/Enola High School,MT. VERNON/ENOLA SCHOOL DISTRICT,7-12,N/A,218,2,12,N/A
2306029,Mt. Vernon/Enola Elem. School,MT. VERNON/ENOLA SCHOOL DISTRICT,K-8,N/A,258,2,15,N/A
1704018,Pleasant View Campus School,MULBERRY/PLEASANT VIEW BI-COUNTY SCHOOLS,5-9,N/A,107,3,12,N/A
1704017,Mulberry High School,MULBERRY/PLEASANT VIEW BI-COUNTY SCHOOLS,9-12,N/A,91,3,6,N/A
1704016,Marvin Primary School,MULBERRY/PLEASANT VIEW BI-COUNTY SCHOOLS,K-4,N/A,164,3,13,N/A
1402031,Walker Pre-K Center,N/A,N/A,N/A,N/A,N/A,N/A,N/A
1608015,Early Childhood Learning Cntr,N/A,N/A,N/A,N/A,N/A,N/A,N/A
2301007,Sallie Cone Preschool,N/A,N/A,N/A,N/A,N/A,N/A,N/A
3505047,Forrest Park/Greenville Preschool,N/A,N/A,N/A,N/A,N/A,N/A,N/A
6001023,Fair Park Early Childhood Ctr,N/A,N/A,N/A,N/A,N/A,N/A,N/A
6001045,Woodruff Early Childhood Ctr,N/A,N/A,N/A,N/A,N/A,N/A,N/A
6001067,Alternative Agencies,N/A,N/A,N/A,N/A,N/A,N/A,N/A
6001080,Geyer Springs Early Childhood Center,N/A,N/A,N/A,N/A,N/A,N/A,N/A
6002067,Pike View Early Childhood Center,N/A,N/A,N/A,N/A,N/A,N/A,N/A
6003090,Adkins Pre-K Center,N/A,N/A,N/A,N/A,N/A,N/A,N/A
3105011,Nashville High School,NASHVILLE SCHOOL DISTRICT,10-12,N/A,381,4,13,N/A
3105009,Nashville Elementary School,NASHVILLE SCHOOL DISTRICT,4-6,N/A,470,4,14,N/A
3105010,Nashville Junior High School,NASHVILLE SCHOOL DISTRICT,7-9,N/A,427,4,15,N/A
3105012,Nashville Primary School,NASHVILLE SCHOOL DISTRICT,K-3,N/A,622,4,16,N/A
1503018,Nemo Vista Middle School,NEMO VISTA SCHOOL DISTRICT,6-8,N/A,92,3,7,N/A
1503017,Nemo Vista High School,NEMO VISTA SCHOOL DISTRICT,9-12,N/A,144,3,7,N/A
1503016,Nemo Vista Elementary School,NEMO VISTA SCHOOL DISTRICT,K-5,N/A,180,3,12,N/A
1611045,Fox Meadow Intermediate Center,NETTLETON SCHOOL DISTRICT,3-5,N/A,371,7,17,N/A
1611043,University Heights Intermediate School,NETTLETON SCHOOL DISTRICT,3-5,N/A,402,7,15,N/A
1611041,Nettleton Junior High School,NETTLETON SCHOOL DISTRICT,7-8,N/A,529,7,14,N/A
1611042,Nettleton High School,NETTLETON SCHOOL DISTRICT,9-12,N/A,945,7,14,N/A
1611040,University Hgts. Elem. School,NETTLETON SCHOOL DISTRICT,K-2,N/A,402,7,16,N/A
1611039,Fox Meadow Elementary,NETTLETON SCHOOL DISTRICT,K-2,N/A,412,7,16,N/A
1611046,Nettleton Middle School,NETTLETON SCHOOL DISTRICT,K-6,N/A,233,7,15,N/A
5008014,Nevada High  School,NEVADA SCHOOL DISTRICT,7-12,N/A,181,2,9,N/A
5008013,Nevada Elementary School,NEVADA SCHOOL DISTRICT,K-6,N/A,209,2,15,N/A
3403013,Newport High School,NEWPORT SCHOOL DISTRICT,7-12,N/A,486,2,10,N/A
3403014,Newport Elementary School,NEWPORT SCHOOL DISTRICT,K-7,N/A,661,2,17,N/A
0304022,Norfork High School,NORFORK SCHOOL DISTRICT,7-12,N/A,205,2,7,N/A
0304021,Norfork Elementary School,NORFORK SCHOOL DISTRICT,K-6,N/A,232,2,13,N/A
6002070,North Little Rock Middle School,NORTH LITTLE ROCK SCHOOL DISTRICT,6-9,N/A,1797,12,18,N/A
6002082,North Little Rock High School,NORTH LITTLE ROCK SCHOOL DISTRICT,9-12,N/A,2468,12,18,N/A
6002056,Glenview Elementary School,NORTH LITTLE ROCK SCHOOL DISTRICT,K-5,N/A,306,12,19,N/A
6002054,Boone Park Elementary School,NORTH LITTLE ROCK SCHOOL DISTRICT,K-5,N/A,353,12,18,N/A
6002069,Seventh Street Elem. School,NORTH LITTLE ROCK SCHOOL DISTRICT,K-5,N/A,373,12,20,N/A
6002050,Amboy Elementary School,NORTH LITTLE ROCK SCHOOL DISTRICT,K-5,N/A,424,12,20,N/A
6002061,Meadow Park Elementary School,NORTH LITTLE ROCK SCHOOL DISTRICT,K-5,N/A,434,12,21,N/A
6002058,Lakewood Elementary School,NORTH LITTLE ROCK SCHOOL DISTRICT,K-5,N/A,445,12,22,N/A
6002055,Crestwood Elementary School,NORTH LITTLE ROCK SCHOOL DISTRICT,K-5,N/A,465,12,21,N/A
6002084,Ridgeroad Elementary School,NORTH LITTLE ROCK SCHOOL DISTRICT,K-5,N/A,586,12,23,N/A
6002057,Indian Hills Elementary School,NORTH LITTLE ROCK SCHOOL DISTRICT,K-5,N/A,601,12,23,N/A
0504023,Omaha High School,OMAHA SCHOOL DISTRICT,7-12,N/A,165,2,7,N/A
0504022,Omaha Elementary School,OMAHA SCHOOL DISTRICT,K-6,N/A,211,2,15,N/A
4713053,Carroll Smith Elementary Schoo,OSCEOLA SCHOOL DISTRICT,1-4,N/A,398,4,17,N/A
4713705,Osceola Stem Charter,OSCEOLA SCHOOL DISTRICT,5-8,N/A,341,4,16,N/A
4713051,Osceola High School,OSCEOLA SCHOOL DISTRICT,9-12,N/A,319,4,11,N/A
4713052,North Elementary School,OSCEOLA SCHOOL DISTRICT,K-K,N/A,98,4,13,N/A
5706002,Acorn High School,OUACHITA RIVER SCHOOL DISTRICT,6-12,N/A,281,4,11,N/A
5706011,Oden High School,OUACHITA RIVER SCHOOL DISTRICT,7-12,N/A,88,4,5,N/A
5706001,Acorn Elementary School,OUACHITA RIVER SCHOOL DISTRICT,K-5,N/A,260,4,19,N/A
5706010,Ole Maddox Elementary School,OUACHITA RIVER SCHOOL DISTRICT,K-6,N/A,91,4,9,N/A
3005030,Ouachita High School,OUACHITA SCHOOL DISTRICT,7-12,N/A,217,2,8,N/A
3005029,Ouachita Elementary School,OUACHITA SCHOOL DISTRICT,K-6,N/A,275,2,18,N/A
7241701,Ozark Montessori Academy Springdale,OZARK MONTESSORI ACADEMY SPRINGDALE,K-7,N/A,182,1,17,N/A
6505014,Western Grove High School,OZARK MOUNTAIN SCHOOL DISTRICT,7-12,N/A,122,6,7,N/A
6505010,St. Joe High School,OZARK MOUNTAIN SCHOOL DISTRICT,7-12,N/A,77,6,7,N/A
6505011,Bruno-Pyatt High School,OZARK MOUNTAIN SCHOOL DISTRICT,7-12,N/A,98,6,6,N/A
6505012,Bruno-Pyatt Elementary School,OZARK MOUNTAIN SCHOOL DISTRICT,K-6,N/A,108,6,12,N/A
6505013,Western Grove Elem. School,OZARK MOUNTAIN SCHOOL DISTRICT,K-6,N/A,136,6,13,N/A
6505009,St. Joe Elementary School,OZARK MOUNTAIN SCHOOL DISTRICT,K-6,N/A,87,6,10,N/A
2404015,Elgin B. Milton Elem. School,OZARK SCHOOL DISTRICT,1-5,N/A,766,5,17,N/A
2404017,Ozark High School,OZARK SCHOOL DISTRICT,10-12,N/A,360,5,12,N/A
2404004,Ozark Middle School,OZARK SCHOOL DISTRICT,6-7,N/A,291,5,15,N/A
2404016,Ozark Junior High School,OZARK SCHOOL DISTRICT,8-9,N/A,295,5,13,N/A
2404005,Ozark Kindergarten School,OZARK SCHOOL DISTRICT,K-K,N/A,133,5,19,N/A
6205028,Palestine-Wheatley Senior High,PALESTINE-WHEATLEY SCH. DIST.,7-12,N/A,380,2,15,N/A
6205027,Palestine-Wheatley Elem. Sch.,PALESTINE-WHEATLEY SCH. DIST.,K-6,N/A,386,2,18,N/A
7309039,Pangburn High School,PANGBURN SCHOOL DISTRICT,7-12,N/A,349,2,14,N/A
7309038,Pangburn Elementary School,PANGBURN SCHOOL DISTRICT,K-6,N/A,375,2,15,N/A
2808024,Baldwin Elementary School,PARAGOULD SCHOOL DISTRICT,2-4,N/A,239,7,18,N/A
2808045,Oak Grove Elementary School,PARAGOULD SCHOOL DISTRICT,2-4,N/A,246,7,20,N/A
2808027,Woodrow Wilson Elem. School,PARAGOULD SCHOOL DISTRICT,2-4,N/A,254,7,17,N/A
2808028,Oak Grove Middle School,PARAGOULD SCHOOL DISTRICT,5-6,N/A,463,7,16,N/A
2808042,Paragould Junior High,PARAGOULD SCHOOL DISTRICT,7-8,N/A,485,7,17,N/A
2808043,Paragould High School,PARAGOULD SCHOOL DISTRICT,9-12,N/A,841,7,12,N/A
2808044,Paragould Primary School,PARAGOULD SCHOOL DISTRICT,K-1,N/A,520,7,20,N/A
4203013,Paris Middle School,PARIS SCHOOL DISTRICT,5-8,N/A,313,3,13,N/A
4203012,Paris High School,PARIS SCHOOL DISTRICT,9-12,N/A,341,3,11,N/A
4203011,Paris Elementary School,PARIS SCHOOL DISTRICT,K-4,N/A,413,3,16,N/A
7007040,Parkers Chapel High School,PARKERS CHAPEL SCHOOL DIST.,7-12,N/A,344,2,11,N/A
7007039,Parkers Chapel Elem. School,PARKERS CHAPEL SCHOOL DIST.,K-6,N/A,444,2,14,N/A
0407703,Pea Ridge Manufacturing & Business Academy,PEA RIDGE SCHOOL DISTRICT,11-12,N/A,129,5,6,N/A
0407026,Pea Ridge Intermediate School,PEA RIDGE SCHOOL DISTRICT,3-5,N/A,446,5,21,N/A
0407028,Pea Ridge Middle School,PEA RIDGE SCHOOL DISTRICT,6-8,N/A,515,5,25,N/A
0407027,Pea Ridge High School,PEA RIDGE SCHOOL DISTRICT,9-12,N/A,514,5,12,N/A
0407025,Pea Ridge Primary School,PEA RIDGE SCHOOL DISTRICT,K-2,N/A,456,5,20,N/A
5303011,Perryville High School,PERRYVILLE SCHOOL DISTRICT,7-12,N/A,439,2,12,N/A
5303010,Perryville Elementary School,PERRYVILLE SCHOOL DISTRICT,K-6,N/A,478,2,16,N/A
1104018,Piggott High School,PIGGOTT SCHOOL DISTRICT,7-12,N/A,400,2,11,N/A
1104017,Piggott Elementary School,PIGGOTT SCHOOL DISTRICT,K-6,N/A,448,2,16,N/A
3541703,Pine Bluff Lighthouse College Prep Academy High School,PINE BLUFF LIGHTHOUSE ACADEMY,7-8,N/A,43,2,11,N/A
3541701,Pine Bluff Lighthouse Elementary,PINE BLUFF LIGHTHOUSE ACADEMY,K-6,N/A,263,2,15,N/A
3505025,Belair Middle School,PINE BLUFF SCHOOL DISTRICT,5-6,N/A,571,8,16,N/A
3505044,Jack Robey Middle School,PINE BLUFF SCHOOL DISTRICT,7-8,N/A,573,8,18,N/A
3505042,Pine Bluff High School,PINE BLUFF SCHOOL DISTRICT,9-12,N/A,1168,8,17,N/A
3505026,Broadmoor Elementary School,PINE BLUFF SCHOOL DISTRICT,K-4,N/A,352,8,20,N/A
3505046,W. T. Cheney Elementary School,PINE BLUFF SCHOOL DISTRICT,K-4,N/A,363,8,18,N/A
3505037,Southwood Elementary School,PINE BLUFF SCHOOL DISTRICT,K-4,N/A,399,8,19,N/A
3505036,Thirty-Fourth Street Elementary School,PINE BLUFF SCHOOL DISTRICT,K-4,N/A,402,8,18,N/A
6103010,Pocahontas High School,POCAHONTAS SCHOOL DISTRICT,10-12,N/A,412,4,10,N/A
6103011,Pocahontas Upper Elem. School,POCAHONTAS SCHOOL DISTRICT,3-6,N/A,572,4,18,N/A
6103012,Pocahontas Junior High School,POCAHONTAS SCHOOL DISTRICT,7-9,N/A,457,4,14,N/A
6103009,Alma Spikes Elementary School,POCAHONTAS SCHOOL DISTRICT,K-2,N/A,490,4,21,N/A
5804014,Pottsville High School,POTTSVILLE SCHOOL DISTRICT,10-12,N/A,361,4,9,N/A
5804015,Pottsville Middle Grade,POTTSVILLE SCHOOL DISTRICT,4-6,N/A,411,4,20,N/A
5804016,Pottsville Junior High School,POTTSVILLE SCHOOL DISTRICT,7-9,N/A,380,4,14,N/A
5804013,Pottsville Elementary School,POTTSVILLE SCHOOL DISTRICT,K-3,N/A,554,4,17,N/A
2703010,Poyen High School,POYEN SCHOOL DISTRICT,7-12,N/A,292,2,12,N/A
2703009,Poyen Elementary School,POYEN SCHOOL DISTRICT,K-6,N/A,302,2,17,N/A
7206038,Prairie Grove Middle School,PRAIRIE GROVE SCHOOL DISTRICT,5-8,N/A,583,3,19,N/A
7206036,Prairie Grove High School,PRAIRIE GROVE SCHOOL DISTRICT,9-12,N/A,594,3,12,N/A
7206035,Prairie Grove Elementary School,PRAIRIE GROVE SCHOOL DISTRICT,K-4,N/A,695,3,21,N/A
5006024,Prescott High School,PRESCOTT SCHOOL DISTRICT,7-12,N/A,436,2,10,N/A
5006022,Prescott Elementary School,PRESCOTT SCHOOL DISTRICT,K-6,N/A,537,2,16,N/A
6003122,Sylvan Hills Middle School,PULASKI COUNTY SPECIAL SCHOOL DISTRICT,6-8,N/A,1158,25,20,N/A
6003120,Fuller Middle School,PULASKI COUNTY SPECIAL SCHOOL DISTRICT,6-8,N/A,389,25,13,N/A
6003143,Joe T. Robinson Middle School,PULASKI COUNTY SPECIAL SCHOOL DISTRICT,6-8,N/A,451,25,14,N/A
6003149,Maumelle Middle School,PULASKI COUNTY SPECIAL SCHOOL DISTRICT,6-8,N/A,786,25,19,N/A
6003151,Maumelle High School,PULASKI COUNTY SPECIAL SCHOOL DISTRICT,9-12,N/A,1064,25,15,N/A
6003128,Sylvan Hills High School,PULASKI COUNTY SPECIAL SCHOOL DISTRICT,9-12,N/A,1363,25,16,N/A
6003127,Joe T. Robinson High School,PULASKI COUNTY SPECIAL SCHOOL DISTRICT,9-12,N/A,555,25,12,N/A
6003125,Wilbur D. Mills High School,PULASKI COUNTY SPECIAL SCHOOL DISTRICT,9-12,N/A,597,25,12,N/A
6003110,Joe T. Robinson Elem. School,PULASKI COUNTY SPECIAL SCHOOL DISTRICT,K-5,N/A,159,25,11,N/A
6003135,College Station Elem. School,PULASKI COUNTY SPECIAL SCHOOL DISTRICT,K-5,N/A,182,25,12,N/A
6003102,Harris Elementary School,PULASKI COUNTY SPECIAL SCHOOL DISTRICT,K-5,N/A,190,25,12,N/A
6003108,Oak Grove Elementary School,PULASKI COUNTY SPECIAL SCHOOL DISTRICT,K-5,N/A,220,25,16,N/A
6003104,Landmark Elementary School,PULASKI COUNTY SPECIAL SCHOOL DISTRICT,K-5,N/A,221,25,15,N/A
6003105,Lawson Elementary School,PULASKI COUNTY SPECIAL SCHOOL DISTRICT,K-5,N/A,249,25,17,N/A
6003112,Sherwood Elementary School,PULASKI COUNTY SPECIAL SCHOOL DISTRICT,K-5,N/A,287,25,19,N/A
6003129,Cato Elementary School,PULASKI COUNTY SPECIAL SCHOOL DISTRICT,K-5,N/A,293,25,16,N/A
6003092,Baker Interdistrict Elem. Sch.,PULASKI COUNTY SPECIAL SCHOOL DISTRICT,K-5,N/A,379,25,20,N/A
6003113,Sylvan Hills Elementary School,PULASKI COUNTY SPECIAL SCHOOL DISTRICT,K-5,N/A,396,25,17,N/A
6003146,Bates Elementary School,PULASKI COUNTY SPECIAL SCHOOL DISTRICT,K-5,N/A,400,25,16,N/A
6003139,Oakbrooke Elementary School,PULASKI COUNTY SPECIAL SCHOOL DISTRICT,K-5,N/A,465,25,20,N/A
6003150,Chenal Elementary School,PULASKI COUNTY SPECIAL SCHOOL DISTRICT,K-5,N/A,524,25,21,N/A
6003142,Pine Forest Elementary School,PULASKI COUNTY SPECIAL SCHOOL DISTRICT,K-5,N/A,561,25,19,N/A
6003095,Clinton Elementary School,PULASKI COUNTY SPECIAL SCHOOL DISTRICT,K-5,N/A,618,25,21,N/A
6003093,Crystal Hill Elementary,PULASKI COUNTY SPECIAL SCHOOL DISTRICT,K-5,N/A,641,25,19,N/A
1203011,Quitman High School,QUITMAN SCHOOL DISTRICT,7-12,N/A,336,2,9,N/A
1203010,Quitman Elementary School,QUITMAN SCHOOL DISTRICT,K-6,N/A,338,2,14,N/A
1106023,Rector High School,RECTOR SCHOOL DISTRICT,7-12,N/A,258,2,11,N/A
1106022,Rector Elementary School,RECTOR SCHOOL DISTRICT,K-6,N/A,324,2,17,N/A
0442703,Northwest Arkansas Classical Academy High,RESPONSIVE ED SOLUTIONS NORTHWEST ARK CLASSICAL ACADEMY,9-12,N/A,56,2,8,N/A
0442702,Northwest Arkansas Classical Academy,RESPONSIVE ED SOLUTIONS NORTHWEST ARK CLASSICAL ACADEMY,K-10,N/A,498,2,17,N/A
6053703,Premier High School of Little Rock,RESPONSIVE ED SOLUTIONS PREMIER HIGH SCHOOL OF LITTLE ROCK,9-12,N/A,93,1,5,N/A
3542702,Quest Middle School of Pine Bluff,RESPONSIVE ED SOLUTIONS QUEST MIDDLE SCHOOL OF PINE BLUFF,5-10,N/A,105,1,11,N/A
6054703,Quest Academy of West Little Rock,RESPONSIVE EDUCATION SOLUTIONS QUEST MIDDLE SCHOOL OF LITTLE ROCK,6-10,N/A,193,1,14,N/A
4706066,Rivercrest High School,RIVERCREST SCHOOL DISTRICT 57,7-12,N/A,585,2,13,N/A
4706069,Rivercrest Elementary School,RIVERCREST SCHOOL DISTRICT 57,K-6,N/A,606,2,20,N/A
1613021,Riverside High School,RIVERSIDE SCHOOL DISTRICT,7-12,N/A,371,3,9,N/A
1613031,Riverside West Elem. School,RIVERSIDE SCHOOL DISTRICT,K-6,N/A,260,3,16,N/A
1613010,Riverside East Elem. School,RIVERSIDE SCHOOL DISTRICT,K-7,N/A,174,3,12,N/A
7307033,Riverview Junior High School,RIVERVIEW SCHOOL DISTRICT,7-8,N/A,179,4,14,N/A
7307032,Riverview High School,RIVERVIEW SCHOOL DISTRICT,9-12,N/A,372,4,8,N/A
7307030,Kensett Elementary School,RIVERVIEW SCHOOL DISTRICT,K-6,N/A,356,4,18,N/A
7307026,Judsonia Elementary School,RIVERVIEW SCHOOL DISTRICT,K-6,N/A,365,4,16,N/A
6057701,Rockbridge Montessori Charter School,ROCKBRIDGE MONTESSORI,K-6,N/A,142,1,9,N/A
0405037,Elmwood Middle School,ROGERS SCHOOL DISTRICT,6-8,N/A,765,22,18,N/A
0405039,Oakdale Middle School,ROGERS SCHOOL DISTRICT,6-8,N/A,817,22,15,N/A
0405046,Lingle Middle School,ROGERS SCHOOL DISTRICT,6-8,N/A,932,22,18,N/A
0405045,Kirksey Middle School,ROGERS SCHOOL DISTRICT,6-8,N/A,935,22,18,N/A
0405052,Rogers Heritage High School,ROGERS SCHOOL DISTRICT,9-12,N/A,1868,22,18,N/A
0405048,Rogers High School,ROGERS SCHOOL DISTRICT,9-12,N/A,2013,22,18,N/A
0405703,Rogers New Technology High School,ROGERS SCHOOL DISTRICT,9-12,N/A,626,22,14,N/A
0405032,Garfield Elementary School,ROGERS SCHOOL DISTRICT,K-5,N/A,132,22,20,N/A
0405047,Bellview Elementary,ROGERS SCHOOL DISTRICT,K-5,N/A,427,22,19,N/A
0405040,Grace Hill Elementary School,ROGERS SCHOOL DISTRICT,K-5,N/A,440,22,19,N/A
0405033,Lowell Elementary School,ROGERS SCHOOL DISTRICT,K-5,N/A,451,22,19,N/A
0405041,Bonnie Grimes Elem. School,ROGERS SCHOOL DISTRICT,K-5,N/A,480,22,19,N/A
0405031,Eastside Elementary School,ROGERS SCHOOL DISTRICT,K-5,N/A,482,22,22,N/A
0405036,Westside Elementary School,ROGERS SCHOOL DISTRICT,K-5,N/A,491,22,19,N/A
0405034,Northside Elementary School,ROGERS SCHOOL DISTRICT,K-5,N/A,507,22,20,N/A
0405049,Jones Elementary School,ROGERS SCHOOL DISTRICT,K-5,N/A,525,22,20,N/A
0405051,Old Wire Elementary School,ROGERS SCHOOL DISTRICT,K-5,N/A,558,22,23,N/A
0405053,Janie Darr Elementary School,ROGERS SCHOOL DISTRICT,K-5,N/A,600,22,21,N/A
0405043,Frank Tillery Elem. School,ROGERS SCHOOL DISTRICT,K-5,N/A,626,22,19,N/A
0405042,Reagan Elementary School,ROGERS SCHOOL DISTRICT,K-6,N/A,476,22,18,N/A
0405044,Joe Mathias Elementary School,ROGERS SCHOOL DISTRICT,K-6,N/A,553,22,21,N/A
0405050,Elza R. Tucker Elem. School,ROGERS SCHOOL DISTRICT,K-6,N/A,626,22,22,N/A
7310043,Rose Bud High School,ROSE BUD SCHOOL DISTRICT,7-12,N/A,395,2,12,N/A
7310042,Rose Bud Elementary School,ROSE BUD SCHOOL DISTRICT,K-6,N/A,405,2,18,N/A
5805024,Russellville High School,RUSSELLVILLE SCHOOL DISTRICT,10-12,N/A,1129,10,14,N/A
5805026,Russellville Upper Elem. Sch.,RUSSELLVILLE SCHOOL DISTRICT,5-5,N/A,378,10,23,N/A
5805022,Russellville Middle School,RUSSELLVILLE SCHOOL DISTRICT,5-7,N/A,757,10,17,N/A
5805023,Russellville Jr. High School,RUSSELLVILLE SCHOOL DISTRICT,8-9,N/A,728,10,15,N/A
5805019,London Elementary School,RUSSELLVILLE SCHOOL DISTRICT,K-4,N/A,138,10,16,N/A
5805018,Dwight Elementary School,RUSSELLVILLE SCHOOL DISTRICT,K-4,N/A,225,10,20,N/A
5805025,Center Valley Elem. School,RUSSELLVILLE SCHOOL DISTRICT,K-4,N/A,377,10,17,N/A
5805017,Crawford Elementary School,RUSSELLVILLE SCHOOL DISTRICT,K-4,N/A,391,10,16,N/A
5805020,Oakland Heights Elem. School,RUSSELLVILLE SCHOOL DISTRICT,K-4,N/A,439,10,18,N/A
5805021,Sequoyah Elementary School,RUSSELLVILLE SCHOOL DISTRICT,K-4,N/A,541,10,21,N/A
2502006,Salem High School,SALEM SCHOOL DISTRICT,7-12,N/A,366,2,11,N/A
2502005,Salem Elementary School,SALEM SCHOOL DISTRICT,K-6,N/A,439,2,19,N/A
4204019,Scranton High School,SCRANTON SCHOOL DISTRICT,7-12,N/A,204,2,7,N/A
4204016,Scranton Elementary School,SCRANTON SCHOOL DISTRICT,K-6,N/A,216,2,15,N/A
6502001,Leslie Intermediate School,SEARCY COUNTY SCHOOL DISTRICT,4-6,N/A,190,3,17,N/A
6502006,Marshall High School,SEARCY COUNTY SCHOOL DISTRICT,7-12,N/A,392,3,9,N/A
6502005,Marshall Elementary School,SEARCY COUNTY SCHOOL DISTRICT,K-3,N/A,242,3,16,N/A
7311054,Southwest Middle School,SEARCY SCHOOL DISTRICT,4-6,N/A,918,6,20,N/A
7311051,Ahlf Junior High School,SEARCY SCHOOL DISTRICT,7-8,N/A,565,6,16,N/A
7311052,Searcy High School,SEARCY SCHOOL DISTRICT,9-12,N/A,1156,6,16,N/A
7311046,Sidney Deener Elem. School,SEARCY SCHOOL DISTRICT,K-3,N/A,354,6,14,N/A
7311047,McRae Elementary School,SEARCY SCHOOL DISTRICT,K-3,N/A,507,6,16,N/A
7311053,Westside Elementary School,SEARCY SCHOOL DISTRICT,K-3,N/A,507,6,20,N/A
2705021,Sheridan High School,SHERIDAN SCHOOL DISTRICT,10-12,N/A,893,6,14,N/A
2705024,East End Intermediate School,SHERIDAN SCHOOL DISTRICT,3-6,N/A,528,6,21,N/A
2705023,Sheridan Intermediate School,SHERIDAN SCHOOL DISTRICT,3-6,N/A,773,6,22,N/A
2705020,Sheridan Junior High School,SHERIDAN SCHOOL DISTRICT,7-9,N/A,944,6,18,N/A
2705018,East End Elementary School,SHERIDAN SCHOOL DISTRICT,K-2,N/A,412,6,21,N/A
2705019,Sheridan Elementary School,SHERIDAN SCHOOL DISTRICT,K-2,N/A,552,6,20,N/A
7104015,Shirley High School,SHIRLEY SCHOOL DISTRICT,7-12,N/A,174,2,9,N/A
7104014,Shirley Elementary School,SHIRLEY SCHOOL DISTRICT,K-6,N/A,198,2,14,N/A
6052703,Siatech High Charter,SIATECH LITTLE ROCK CHARTER,9-12,N/A,150,1,6,N/A
0406048,"Delbert ""pete"" & Pat Allen Ele",SILOAM SPRINGS SCHOOL DISTRICT,1-2,N/A,630,6,23,N/A
0406047,Southside Elementary School,SILOAM SPRINGS SCHOOL DISTRICT,3-4,N/A,640,6,25,N/A
0406045,Siloam Springs Intermediate School,SILOAM SPRINGS SCHOOL DISTRICT,5-6,N/A,606,6,21,N/A
0406049,Siloam Springs Middle School,SILOAM SPRINGS SCHOOL DISTRICT,7-8,N/A,659,6,21,N/A
0406703,Siloam Springs High School Conversion Charter,SILOAM SPRINGS SCHOOL DISTRICT,9-12,N/A,1299,6,13,N/A
0406046,Northside Elementary School,SILOAM SPRINGS SCHOOL DISTRICT,K-K,N/A,328,6,18,N/A
3806020,Sloan-Hendrix Middle School,SLOAN-HENDRIX SCHOOL DISTRICT,5-7,N/A,172,3,17,N/A
3806019,Sloan-Hendrix High School,SLOAN-HENDRIX SCHOOL DISTRICT,8-12,N/A,290,3,12,N/A
3806018,Sloan-Hendrix Elem. School,SLOAN-HENDRIX SCHOOL DISTRICT,K-4,N/A,237,3,15,N/A
7008037,Norphlet Middle School,SMACKOVER-NORPHLET SCHOOL DISTRICT,6-8,N/A,246,4,16,N/A
7008045,Smackover High School,SMACKOVER-NORPHLET SCHOOL DISTRICT,9-12,N/A,351,4,10,N/A
7008035,Norphlet Elementary School,SMACKOVER-NORPHLET SCHOOL DISTRICT,K-5,N/A,188,4,15,N/A
7008043,Smackover Elementary School,SMACKOVER-NORPHLET SCHOOL DISTRICT,K-5,N/A,333,4,19,N/A
1507029,Morrilton Elementary School,SOUTH CONWAY COUNTY SCHOOL DISTRICT,2-4,N/A,366,5,21,N/A
1507031,Morrilton Intermediate School,SOUTH CONWAY COUNTY SCHOOL DISTRICT,4-6,N/A,502,5,22,N/A
1507037,Morrilton Junior High School,SOUTH CONWAY COUNTY SCHOOL DISTRICT,7-8,N/A,332,5,16,N/A
1507036,Morrilton Sr. High School,SOUTH CONWAY COUNTY SCHOOL DISTRICT,9-12,N/A,668,5,11,N/A
1507032,Morrilton Primary School,SOUTH CONWAY COUNTY SCHOOL DISTRICT,K-1,N/A,365,5,19,N/A
5504015,Murfreesboro High School,SOUTH PIKE COUNTY SCHOOL DISTRICT,7-12,N/A,316,3,11,N/A
5504014,Murfreesboro Elementary School,SOUTH PIKE COUNTY SCHOOL DISTRICT,K-6,N/A,281,3,13,N/A
5504001,Delight Elementary School,SOUTH PIKE COUNTY SCHOOL DISTRICT,K-6,N/A,87,3,12,N/A
7105019,South Side High School,SOUTH SIDE SCHOOL DISTRICT(VANBUREN),7-12,N/A,255,2,9,N/A
7105018,South Side Elementary School,SOUTH SIDE SCHOOL DISTRICT(VANBUREN),K-6,N/A,253,2,16,N/A
3209703,Southside Charter High School,SOUTHSIDE SCHOOL DISTRICT (INDEPENDENCE),10-12,N/A,338,4,11,N/A
3209041,Southside Middle School,SOUTHSIDE SCHOOL DISTRICT (INDEPENDENCE),4-6,N/A,440,4,19,N/A
3209042,Southside Junior High School,SOUTHSIDE SCHOOL DISTRICT (INDEPENDENCE),7-9,N/A,436,4,13,N/A
3209038,Southside Elementary School,SOUTHSIDE SCHOOL DISTRICT (INDEPENDENCE),K-3,N/A,578,4,21,N/A
2906026,Spring Hill High School,SPRING HILL SCHOOL DISTRICT,7-12,N/A,278,2,10,N/A
2906025,Spring Hill Elementary School,SPRING HILL SCHOOL DISTRICT,K-6,N/A,313,2,18,N/A
7207049,Springdale High School,SPRINGDALE SCHOOL DISTRICT,4-12,N/A,2067,29,16,N/A
7207054,J. O. Kelly Middle School,SPRINGDALE SCHOOL DISTRICT,4-8,N/A,694,29,20,N/A
7207060,George Junior High School,SPRINGDALE SCHOOL DISTRICT,5-11,N/A,744,29,15,N/A
7207055,Helen Tyson Middle School,SPRINGDALE SCHOOL DISTRICT,6-7,N/A,756,29,18,N/A
7207069,Sonora Middle School,SPRINGDALE SCHOOL DISTRICT,6-7,N/A,834,29,19,N/A
7207061,Hellstern Middle School,SPRINGDALE SCHOOL DISTRICT,6-7,N/A,996,29,21,N/A
7207703,Springdale School of Innovation,SPRINGDALE SCHOOL DISTRICT,7-12,N/A,493,29,15,N/A
7207047,Central Junior High School,SPRINGDALE SCHOOL DISTRICT,8-10,N/A,924,29,17,N/A
7207048,Southwest Junior High School,SPRINGDALE SCHOOL DISTRICT,8-9,N/A,619,29,16,N/A
7207062,Har-Ber High School,SPRINGDALE SCHOOL DISTRICT,9-12,N/A,2228,29,18,N/A
7207042,Robert E. Lee Elem. School,SPRINGDALE SCHOOL DISTRICT,K-5,N/A,505,29,22,N/A
7207046,Westwood Elementary School,SPRINGDALE SCHOOL DISTRICT,K-5,N/A,512,29,21,N/A
7207057,Bernice Young Elementary,SPRINGDALE SCHOOL DISTRICT,K-5,N/A,531,29,22,N/A
7207041,Jones Elementary School,SPRINGDALE SCHOOL DISTRICT,K-5,N/A,539,29,24,N/A
7207044,John Tyson Elementary School,SPRINGDALE SCHOOL DISTRICT,K-5,N/A,544,29,24,N/A
7207058,Harp Elementary School,SPRINGDALE SCHOOL DISTRICT,K-5,N/A,549,29,21,N/A
7207050,Parson  Hills Elem. School,SPRINGDALE SCHOOL DISTRICT,K-5,N/A,557,29,22,N/A
7207052,Walker Elementary School,SPRINGDALE SCHOOL DISTRICT,K-5,N/A,563,29,22,N/A
7207068,Sonora Elementary School,SPRINGDALE SCHOOL DISTRICT,K-5,N/A,594,29,21,N/A
7207064,Turnbow Elementary School,SPRINGDALE SCHOOL DISTRICT,K-5,N/A,599,29,22,N/A
7207066,Willis Shaw Elementary Sch,SPRINGDALE SCHOOL DISTRICT,K-5,N/A,603,29,19,N/A
7207063,Hunt Elementary School,SPRINGDALE SCHOOL DISTRICT,K-5,N/A,611,29,23,N/A
7207059,Bayyari Elementary School,SPRINGDALE SCHOOL DISTRICT,K-5,N/A,616,29,24,N/A
7207071,Linda Knapp-Childers Elementary School,SPRINGDALE SCHOOL DISTRICT,K-5,N/A,616,29,24,N/A
7207053,George Elementary School,SPRINGDALE SCHOOL DISTRICT,K-5,N/A,617,29,22,N/A
7207051,Thurman G. Smith Elem. School,SPRINGDALE SCHOOL DISTRICT,K-5,N/A,633,29,24,N/A
7207065,Monitor Elementary,SPRINGDALE SCHOOL DISTRICT,K-5,N/A,652,29,22,N/A
7207040,Elmdale Elementary School,SPRINGDALE SCHOOL DISTRICT,K-7,N/A,562,29,20,N/A
7207070,Lakeside Junior High School,SPRINGDALE SCHOOL DISTRICT,K-9,N/A,697,29,16,N/A
4003015,Star City Middle School,STAR CITY SCHOOL DISTRICT,6-8,N/A,366,3,17,N/A
4003016,Star City High School,STAR CITY SCHOOL DISTRICT,9-12,N/A,459,3,11,N/A
4003014,Brown Elementary School,STAR CITY SCHOOL DISTRICT,K-5,N/A,697,3,20,N/A
7009049,Strong High School,STRONG-HUTTIG SCHOOL DISTRICT,7-12,N/A,137,2,9,N/A
7009048,Gardner-Strong Elem. School,STRONG-HUTTIG SCHOOL DISTRICT,K-6,N/A,159,2,16,N/A
0104023,Meekins Middle School,STUTTGART SCHOOL DISTRICT,5-7,N/A,220,4,15,N/A
0104025,Stuttgart High School,STUTTGART SCHOOL DISTRICT,7-12,N/A,457,4,13,N/A
0104026,Stuttgart Junior High School,STUTTGART SCHOOL DISTRICT,7-8,N/A,237,4,14,N/A
0104021,Park Avenue Elementary School,STUTTGART SCHOOL DISTRICT,K-4,N/A,633,4,19,N/A
4605024,College Hill Middle,TEXARKANA SCHOOL DISTRICT,5-6,N/A,597,9,20,N/A
4605703,Washington Academy,TEXARKANA SCHOOL DISTRICT,7-12,N/A,85,9,4,N/A
4605025,North Heights Jr. High School,TEXARKANA SCHOOL DISTRICT,7-8,N/A,541,9,16,N/A
4605026,Arkansas High School,TEXARKANA SCHOOL DISTRICT,9-12,N/A,997,9,16,N/A
4605020,Fairview Elementary School,TEXARKANA SCHOOL DISTRICT,K-4,N/A,260,9,19,N/A
4605022,Union Elementary School,TEXARKANA SCHOOL DISTRICT,K-4,N/A,271,9,17,N/A
4605019,College Hill Elementary School,TEXARKANA SCHOOL DISTRICT,K-4,N/A,321,9,19,N/A
4605021,Vera Kilpatrick Elem. School,TEXARKANA SCHOOL DISTRICT,K-4,N/A,405,9,19,N/A
4605027,Edward D. Trice Elem. School,TEXARKANA SCHOOL DISTRICT,K-4,N/A,590,9,23,N/A
5605001,Trumann Intermediate Sch 5-6,TRUMANN SCHOOL DISTRICT,5-7,N/A,241,4,21,N/A
5605024,Trumann Intermediate School7-8,TRUMANN SCHOOL DISTRICT,7-8,N/A,211,4,14,N/A
5605023,Trumann High School,TRUMANN SCHOOL DISTRICT,9-12,N/A,420,4,12,N/A
5605021,Cedar Park Elementary School,TRUMANN SCHOOL DISTRICT,K-4,N/A,645,4,18,N/A
7510019,Two Rivers High School,TWO RIVERS SCHOOL DISTRICT,5-12,N/A,461,2,12,N/A
7510024,Two Rivers Elementary School,TWO RIVERS SCHOOL DISTRICT,K-4,N/A,344,2,20,N/A
0505028,Valley Springs Middle School,VALLEY SPRINGS SCHOOL DISTRICT,5-8,N/A,301,3,17,N/A
0505027,Valley Springs High School,VALLEY SPRINGS SCHOOL DISTRICT,9-12,N/A,264,3,9,N/A
0505026,Valley Springs Elem. School,VALLEY SPRINGS SCHOOL DISTRICT,K-4,N/A,313,3,17,N/A
1612048,Valley View High School,VALLEY VIEW SCHOOL DISTRICT,10-12,N/A,564,4,11,N/A
1612050,Valley View Intermediate School,VALLEY VIEW SCHOOL DISTRICT,3-6,N/A,866,4,20,N/A
1612051,Valley View Junior High School,VALLEY VIEW SCHOOL DISTRICT,7-9,N/A,667,4,17,N/A
1612047,Valley View Elementary School,VALLEY VIEW SCHOOL DISTRICT,K-2,N/A,636,4,19,N/A
1705033,Northridge Middle School,VAN BUREN SCHOOL DISTRICT,6-8,N/A,627,10,17,N/A
1705026,Butterfield Trail Middle Schoo,VAN BUREN SCHOOL DISTRICT,6-8,N/A,658,10,17,N/A
1705027,Van Buren High School,VAN BUREN SCHOOL DISTRICT,9-12,N/A,1309,10,15,N/A
1705034,Van Buren Freshman Academy,VAN BUREN SCHOOL DISTRICT,9-9,N/A,452,10,17,N/A
1705020,City Heights Elementary School,VAN BUREN SCHOOL DISTRICT,K-5,N/A,376,10,18,N/A
1705029,James R. Tate Elem. School,VAN BUREN SCHOOL DISTRICT,K-5,N/A,395,10,17,N/A
1705032,Rena Elementary School,VAN BUREN SCHOOL DISTRICT,K-5,N/A,435,10,21,N/A
1705030,Parkview Elementary School,VAN BUREN SCHOOL DISTRICT,K-5,N/A,467,10,18,N/A
1705025,Central Elementary School,VAN BUREN SCHOOL DISTRICT,K-5,N/A,501,10,16,N/A
1705022,King Elementary School,VAN BUREN SCHOOL DISTRICT,K-5,N/A,540,10,17,N/A
2307034,Vilonia High School,VILONIA SCHOOL DISTRICT,10-12,N/A,718,6,15,N/A
2307038,Frank Mitchell Intermediate School,VILONIA SCHOOL DISTRICT,4-6,N/A,771,6,23,N/A
2307037,Vilonia Middle School,VILONIA SCHOOL DISTRICT,7-8,N/A,519,6,22,N/A
2307036,Vilonia Freshman Academy,VILONIA SCHOOL DISTRICT,9-9,N/A,255,6,19,N/A
2307035,Vilonia Primary School,VILONIA SCHOOL DISTRICT,K-3,N/A,448,6,20,N/A
2307033,Vilonia Elementary School,VILONIA SCHOOL DISTRICT,K-3,N/A,485,6,19,N/A
2503010,Viola High School,VIOLA SCHOOL DISTRICT,7-12,N/A,171,2,9,N/A
2503009,Viola Elementary School,VIOLA SCHOOL DISTRICT,K-6,N/A,208,2,12,N/A
6401004,Waldron Middle School,WALDRON SCHOOL DISTRICT,5-8,N/A,449,3,15,N/A
6401003,Waldron High School,WALDRON SCHOOL DISTRICT,9-12,N/A,410,3,13,N/A
6401001,Waldron Elementary School,WALDRON SCHOOL DISTRICT,K-4,N/A,570,3,17,N/A
0602704,Brunson New Vision Charter School,WARREN SCHOOL DISTRICT,4-5,N/A,242,4,18,N/A
0602702,Warren Middle School,WARREN SCHOOL DISTRICT,6-8,N/A,364,4,16,N/A
0602703,Warren High School District Conversion Charter,WARREN SCHOOL DISTRICT,9-12,N/A,439,4,9,N/A
0602701,Eastside New Vision Charter Sc,WARREN SCHOOL DISTRICT,K-3,N/A,526,4,19,N/A
3509067,Watson Chapel High School,WATSON CHAPEL SCHOOL DISTRICT,10-12,N/A,630,5,11,N/A
3509064,L. L. Owen Elementary School,WATSON CHAPEL SCHOOL DISTRICT,2-3,N/A,411,5,19,N/A
3509066,Coleman Elementary School,WATSON CHAPEL SCHOOL DISTRICT,4-6,N/A,576,5,19,N/A
3509068,Watson Chapel Jr. High School,WATSON CHAPEL SCHOOL DISTRICT,7-9,N/A,605,5,18,N/A
3509063,Edgewood Elementary School,WATSON CHAPEL SCHOOL DISTRICT,K-1,N/A,318,5,18,N/A
7208061,West Fork Middle School,WEST FORK SCHOOL DISTRICT,5-8,N/A,338,3,15,N/A
7208062,West Fork High School,WEST FORK SCHOOL DISTRICT,9-12,N/A,330,3,8,N/A
7208060,West Fork Elementary School,WEST FORK SCHOOL DISTRICT,K-4,N/A,387,3,20,N/A
1803703,The Academies of West Memphis Charter School,WEST MEMPHIS SCHOOL DISTRICT,10-12,N/A,1083,11,13,N/A
1803033,East Junior High School,WEST MEMPHIS SCHOOL DISTRICT,7-9,N/A,311,11,12,N/A
1803035,Wonder Junior High School,WEST MEMPHIS SCHOOL DISTRICT,7-9,N/A,426,11,12,N/A
1803034,West Junior High School,WEST MEMPHIS SCHOOL DISTRICT,7-9,N/A,491,11,16,N/A
1803027,Jackson Elementary School,WEST MEMPHIS SCHOOL DISTRICT,K-6,N/A,325,11,18,N/A
1803030,Weaver Elementary School,WEST MEMPHIS SCHOOL DISTRICT,K-6,N/A,326,11,17,N/A
1803032,Wonder Elementary School,WEST MEMPHIS SCHOOL DISTRICT,K-6,N/A,343,11,17,N/A
1803028,Maddux Elementary School,WEST MEMPHIS SCHOOL DISTRICT,K-6,N/A,479,11,20,N/A
1803025,Bragg Elementary School,WEST MEMPHIS SCHOOL DISTRICT,K-6,N/A,538,11,19,N/A
1803029,Richland Elementary School,WEST MEMPHIS SCHOOL DISTRICT,K-6,N/A,549,11,20,N/A
1803026,Faulk Elementary School,WEST MEMPHIS SCHOOL DISTRICT,K-6,N/A,640,11,19,N/A
1204015,West Side High School,WEST SIDE SCHOOL DIST(CLEBURNE),7-12,N/A,205,2,7,N/A
1204014,West Side Elementary School,WEST SIDE SCHOOL DIST(CLEBURNE),K-6,N/A,230,2,15,N/A
7509033,Western Yell Co. High School,WESTERN YELL CO. SCHOOL DIST.,7-12,N/A,188,2,9,N/A
7509030,Western Yell Co. Elem. School,WESTERN YELL CO. SCHOOL DIST.,K-6,N/A,185,2,16,N/A
1602058,Westside Middle School,WESTSIDE CONS. SCH DIST(CRAIGH,5-7,N/A,374,3,16,N/A
1602055,Westside High School,WESTSIDE CONS. SCH DIST(CRAIGH,8-12,N/A,677,3,13,N/A
1602056,Westside Elementary School,WESTSIDE CONS. SCH DIST(CRAIGH,K-4,N/A,653,3,20,N/A
3606026,Westside High School,WESTSIDE SCHOOL DIST(JOHNSON),7-12,N/A,280,2,9,N/A
3606025,Westside Elementary School,WESTSIDE SCHOOL DIST(JOHNSON),K-6,N/A,359,2,15,N/A
7304019,White Co. Central High School,WHITE CO. CENTRAL SCHOOL DIST.,7-12,N/A,321,2,9,N/A
7304018,White Co. Central Elem. School,WHITE CO. CENTRAL SCHOOL DIST.,K-6,N/A,391,2,16,N/A
3510081,White Hall Middle School,WHITE HALL SCHOOL DISTRICT,6-8,N/A,631,6,17,N/A
3510076,White Hall High School,WHITE HALL SCHOOL DISTRICT,9-12,N/A,874,6,13,N/A
3510078,Hardin Elementary School,WHITE HALL SCHOOL DISTRICT,K-5,N/A,244,6,19,N/A
3510084,Gandy Elementary School,WHITE HALL SCHOOL DISTRICT,K-5,N/A,303,6,19,N/A
3510080,Taylor Elementary School,WHITE HALL SCHOOL DISTRICT,K-5,N/A,333,6,19,N/A
3510079,Moody Elementary School,WHITE HALL SCHOOL DISTRICT,K-5,N/A,369,6,19,N/A
1505026,Wonderview High School,WONDERVIEW SCHOOL DISTRICT,7-12,N/A,193,2,7,N/A
1505025,Wonderview Elementary School,WONDERVIEW SCHOOL DISTRICT,K-6,N/A,268,2,16,N/A
1304015,Woodlawn High School,WOODLAWN SCHOOL DISTRICT,7-12,N/A,264,2,9,N/A
1304014,Woodlawn Elementary School,WOODLAWN SCHOOL DISTRICT,K-6,N/A,312,2,22,N/A
1905015,Wynne Intermediate School,WYNNE SCHOOL DISTRICT,3-5,N/A,628,4,18,N/A
1905016,Wynne Junior High School,WYNNE SCHOOL DISTRICT,6-8,N/A,627,4,16,N/A
1905017,Wynne High School,WYNNE SCHOOL DISTRICT,9-12,N/A,782,4,14,N/A
1905014,Wynne Primary School,WYNNE SCHOOL DISTRICT,K-3,N/A,597,4,19,N/A
4502006,Yellville-Summit High School,YELLVILLE-SUMMIT SCHOOL DISTRICT.,7-12,N/A,349,2,12,N/A
4502005,Yellville-Summit Elem. School,YELLVILLE-SUMMIT SCHOOL DISTRICT.,K-6,N/A,384,2,17,N/A
